Calendar Year Filed,Violation State,Number of Filed Cases,Number of Filed Cases with a Race Basis,Number of Filed Cases with an Asian Race Basis,Number of Filed Cases with an Asian and White Race Basis,Number of Filed Cases with a Black or African-American Race Basis,Number of Filed Cases with a Black and White Race Basis,Number of Filed Cases with a Hawaiian or Pacific-Islander Race Basis,Number of Filed Cases with a Native American Race Basis,Number of Filed Cases with a Native American and Black  Race Basis,Number of Filed Cases with a Native American and White Race Basis,Number of Filed Cases with a White Race Basis,Number of Filed Cases with an Other Mult-Racial Race Basis,Number of Filed Cases with a Color Basis,Number of Filed Cases with a National Origin Basis,Number of Filed Cases with an Hispanic National Origin Basis,Number of Filed Cases with a Disability Basis,Number of Filed Cases with a Familial Status Basis,Number of Filed Cases with a Religion Basis,Number of Filed Cases with a Sex Basis,Number of Filed Cases with a Retaliation Basis,Number of Charges,Number of Administrative Closures,Number of Conciliations and Settlements,Number of Withdrawals after Resolution,Number of No Reasonable Cause Determinations,Number of Department of Justice Closures,Number of Post-Cause Closures by State and Local Partner Agencies,Number of Administrative Law Judge Closures,Number of Elections to Federal District Court,Number of Appeals or Supreme Court Closures,Number of Open Cases
2000,Alabama,108,74,,,73,,,,,,1,,6,2,1,28,11,,14,,,11,16,16,63,2,,,,,
2000,Alaska,6,2,,,1,,,1,,,,,,1,,2,3,,,,,2,2,1,1,,,,,,
2000,Arizona,162,44,1,,37,,,1,,,5,,2,28,22,82,14,1,6,14,,8,46,11,79,,17,,,,
2000,Arkansas,67,35,,,34,,,,,,1,,1,1,,23,17,,2,3,1,6,19,6,35,,,1,,,
2000,California,824,246,,,227,,,4,,,18,,5,118,66,237,189,28,98,57,1,116,177,68,422,2,35,,1,,
2000,Colorado,114,41,2,,34,,,4,,,2,,1,20,16,42,20,3,20,15,,20,9,21,60,3,1,,,,
2000,Connecticut,105,43,,,42,,,,,,1,,11,16,9,43,21,,11,5,,17,21,14,40,1,11,,,,
2000,Delaware,18,8,,,8,,,,,,,,1,1,,4,4,,3,1,,4,5,4,3,,2,,,,
2000,District of Columbia,13,7,,,7,,,,,,,,1,4,3,3,1,2,,1,,2,4,3,3,1,,,,,
2000,Florida,502,190,,,180,,,,,,11,,19,72,42,186,90,9,51,22,1,67,99,41,278,1,10,,1,,
2000,Georgia,177,98,1,,90,,,4,,,5,,5,25,16,45,28,5,19,3,,7,48,3,115,1,3,,,,
2000,Hawaii,38,4,1,,2,,,,,,2,,,6,2,23,7,,1,2,,2,5,1,24,1,2,,,,
2000,Idaho,177,5,,,5,,,,,,,,,17,17,114,48,4,2,5,11,34,90,9,31,2,,,11,,
2000,Illinois,232,91,1,,89,,,,,,1,,3,40,34,60,45,12,18,7,3,35,39,26,108,21,,,3,,
2000,Indiana,138,60,,,54,1,,3,,,3,,1,18,14,35,20,7,9,2,1,29,10,16,70,3,3,,1,,
2000,Iowa,143,74,,,66,,,3,,,7,,1,7,4,50,23,1,26,10,,40,33,12,47,5,5,,,,
2000,Kansas,110,43,,,40,,,,,,3,,3,4,4,53,15,1,14,7,1,21,29,26,30,2,,,1,,
2000,Kentucky,139,59,,,53,,,1,,,6,,4,10,6,39,34,3,21,3,,14,42,13,65,,2,,,,
2000,Louisiana,131,93,,,87,,,,,,6,,,3,1,29,20,2,20,3,,25,26,10,68,,2,,,,
2000,Maine,10,1,,,1,,,,,,,,1,2,,7,,,,,,2,2,3,3,,,,,,
2000,Maryland,101,64,,,62,,,,,,7,,15,3,2,26,16,4,7,2,,8,4,6,67,2,5,,,,
2000,Massachusetts,251,55,1,,49,,,,,,8,,25,35,24,113,63,5,18,10,3,28,40,36,127,,16,2,1,,
2000,Michigan,128,62,,,58,,,2,,,2,,3,13,6,32,22,3,20,4,,23,19,17,64,,4,,,,
2000,Minnesota,52,30,1,,28,,,,,,1,,1,5,3,11,16,1,8,1,,8,15,5,22,2,,,,,
2000,Mississippi,80,65,,,57,,,,,,8,,4,2,2,13,14,2,7,,2,6,6,9,56,1,,2,,,
2000,Missouri,283,184,1,,179,,,2,,,5,,1,9,8,63,38,5,49,20,,77,57,50,92,2,,,,,
2000,Montana,10,3,,,1,,,2,,,,,,1,,3,4,,1,2,,1,2,2,5,,,,,,
2000,Nebraska,94,25,,,16,,,3,,,6,,1,9,8,35,19,1,10,11,1,13,27,3,40,,7,,1,,
2000,Nevada,42,17,,,17,,,,,,,,,3,2,20,8,,3,4,1,6,16,1,17,1,,,1,,
2000,New Hampshire,19,2,,,2,,,,,,,,1,4,2,13,3,,1,,,2,6,4,6,1,,,,,
2000,New Jersey,42,12,,,12,,,,,,,,12,8,5,20,7,1,2,,5,6,11,4,16,,,1,1,3,
2000,New Mexico,32,11,,,9,,,,,,2,,,9,9,8,4,1,3,,2,4,6,1,19,,,,2,,
2000,New York,439,158,,,143,,,2,,,18,,108,74,41,182,66,21,48,12,2,24,65,57,247,8,35,,2,,
2000,North Carolina,203,105,,,101,,,2,,,3,,11,26,18,46,40,1,27,4,3,36,59,7,87,1,8,1,2,,
2000,North Dakota,20,3,,,2,,,1,,,,,,2,,10,6,,,2,3,6,5,2,4,,,1,2,,
2000,Ohio,433,145,,,139,,,,,,6,,11,25,8,113,93,5,44,22,,61,107,50,148,2,52,,,,
2000,Oklahoma,62,25,,,23,,,1,,,1,,,5,4,25,14,2,3,2,,9,2,16,35,,,,,,
2000,Oregon,90,8,,,6,,,,,,2,,,15,14,42,27,,4,5,3,8,24,7,41,7,,1,2,,
2000,Pennsylvania,278,134,2,,129,,,,,,29,,10,33,20,90,58,10,45,9,,27,78,33,105,6,22,,,,
2000,Puerto Rico,9,,,,,,,,,,,,,2,2,7,1,,3,,,2,5,,2,,,,,,
2000,Rhode Island,25,3,,,3,,,,,,,,3,8,7,12,2,,2,,,6,2,1,15,,1,,,,
2000,South Carolina,58,35,,,33,,,1,,,1,,2,6,6,14,9,2,6,3,,7,18,1,31,,,,,,
2000,South Dakota,16,10,1,,5,,,4,,,,,,1,1,6,3,,2,,1,1,1,1,12,,,1,,,
2000,Tennessee,122,45,,,40,,,,,,8,,4,5,3,66,12,1,16,1,1,9,27,5,75,4,,1,,,
2000,Texas,486,203,,,178,,,2,,,23,,6,73,62,163,67,8,63,12,,41,84,81,260,2,8,,,,
2000,Utah,61,10,,,8,,1,1,,,,,7,5,2,34,13,6,6,7,,7,24,2,21,4,3,,,,
2000,Vermont,21,2,1,,1,,,,,,,,,3,1,8,6,,3,,,2,3,4,10,1,1,,,,
2000,Virginia,91,43,,,41,,,,,,2,,10,14,6,21,20,2,7,2,,15,18,3,55,,,,,,
2000,Washington,268,91,2,,84,,,2,,,11,,1,42,22,107,50,4,23,17,5,43,42,20,148,1,4,,5,,
2000,West Virginia,21,4,,,4,,,,,,,,,,,12,3,1,2,,,5,5,1,9,,,,,,
2000,Wisconsin,58,16,1,,15,,,1,,,,,,3,2,33,5,2,7,,1,10,9,11,27,,,1,,,
2000,Wyoming,7,4,,,1,,,3,,,,,,,,1,,,1,1,,1,1,,5,,,,,,
2000,Total,"7,116","2,792",16,0,"2,576",1,1,50,0,0,215,0,301,838,547,"2,454","1,319",166,776,313,52,964,"1,510",744,"3,413",90,259,12,37,3,0
2001,Alabama,65,44,,,37,,,1,,,7,,1,1,,23,5,,9,1,,11,6,12,36,,,,,,
2001,Alaska,6,2,,,2,,,,,,,,,,,4,,,,,,,3,,3,,,,,,
2001,Arizona,150,39,5,,28,,1,11,,,1,,6,31,27,69,12,7,10,16,,13,38,10,79,,9,,,,
2001,Arkansas,58,27,,,26,,,,,,2,,,6,3,15,12,3,10,,,9,18,4,26,1,,,,,
2001,California,737,192,2,,177,,,4,,,9,,10,119,67,240,181,16,79,49,1,101,200,77,340,2,16,1,,,
2001,Colorado,104,24,,,12,,,4,,,10,,3,15,12,44,7,7,14,21,,41,16,11,35,,,,,,
2001,Connecticut,122,34,,,32,,,,,,2,,8,16,9,57,20,6,9,4,1,13,28,10,51,,14,1,,,
2001,Delaware,19,9,1,,6,,,1,,,1,,,4,1,6,1,1,2,,,6,7,1,4,,1,,,,
2001,District of Columbia,26,14,,,13,,,,,,1,,3,6,2,7,,,7,2,,7,5,2,9,,,,,,
2001,Florida,488,169,,,157,,1,,,,13,,9,76,56,189,70,11,49,24,,44,86,68,262,1,16,,,,
2001,Georgia,147,76,3,,69,,,,,,4,,,10,7,43,24,4,14,9,,3,29,4,109,,2,,,,
2001,Guam,1,,,,,,,,,,,,,,,1,,,,,,,,,1,,,,,,
2001,Hawaii,29,6,1,,4,,1,,,,2,,1,3,2,13,7,,2,5,,3,2,6,14,,3,,,,
2001,Idaho,44,12,,,12,,,,,,,,1,10,7,14,12,,4,1,,3,14,6,20,1,,,,,
2001,Illinois,195,77,1,,75,,,,,,2,,1,18,14,64,40,1,24,5,5,42,44,22,79,3,,1,4,,
2001,Indiana,151,77,,,71,,,,,,7,,3,17,11,35,17,1,24,7,1,30,10,32,73,2,,,1,,
2001,Iowa,151,54,1,,49,,,2,,,3,,1,15,11,67,13,1,11,20,1,29,33,4,70,2,4,1,,,
2001,Kansas,172,80,,,79,,,2,,,,,5,5,3,60,27,5,32,14,,8,58,39,66,1,,,,,
2001,Kentucky,118,52,,,46,,,2,,,4,,1,11,8,31,24,1,11,3,,13,15,8,65,,9,,,,
2001,Louisiana,138,94,,,90,,,,,,6,,,6,3,29,17,,13,5,,24,25,7,81,1,,,,,
2001,Maine,14,2,,,2,,,1,,,,,2,2,1,8,4,,,,,1,6,,7,,,,,,
2001,Maryland,103,47,1,,45,,,,,,2,,9,6,3,40,9,1,13,2,,17,1,16,55,,14,,,,
2001,Massachusetts,230,58,1,,50,,1,,,,6,,18,46,27,101,44,4,10,6,,16,21,37,137,1,16,,,,
2001,Michigan,166,94,4,,85,,,,,,5,,,10,5,54,21,4,28,7,1,29,29,29,71,,5,,1,,
2001,Minnesota,55,27,,,27,,,,,,,,2,11,3,10,15,,2,,,14,12,7,22,,,,,,
2001,Mississippi,85,72,,,69,,,,,,3,,,1,1,12,5,1,6,1,,6,,2,73,4,,,,,
2001,Missouri,326,168,3,,157,,,2,,,7,,6,13,7,135,38,6,42,27,,37,55,56,159,16,2,,,,
2001,Montana,34,10,1,,5,,,4,,,2,,,2,1,16,6,2,14,1,2,13,6,3,10,,,,2,,
2001,Nebraska,75,18,,,13,,,4,,,1,,4,12,7,32,12,1,3,15,1,5,21,,35,7,6,,1,,
2001,Nevada,60,7,,,7,,,,,,,,,18,17,26,18,2,5,5,2,9,18,4,27,,,,1,1,
2001,New Hampshire,16,2,,,2,,,,,,2,,2,1,,9,3,,2,1,,2,5,,8,1,,,,,
2001,New Jersey,132,43,2,,37,,,,,,8,,32,15,9,70,39,8,23,,10,14,21,12,67,8,,3,7,,
2001,New Mexico,44,12,,,9,,,2,,,2,,1,4,4,23,5,,2,,,1,15,3,20,5,,,,,
2001,New York,496,164,12,,140,,,1,,,15,,98,100,53,202,101,29,97,22,,43,56,61,303,,32,,,,
2001,North Carolina,133,63,1,,58,,,1,,,3,,5,19,17,45,10,2,14,6,,14,35,7,71,2,3,,,,
2001,North Dakota,27,3,,,,,,2,,,1,,,,,18,3,1,3,3,,6,8,,9,,3,,,,
2001,Ohio,419,176,3,,163,,,1,,,14,,2,13,3,123,95,6,47,32,,69,90,79,137,,33,,,,
2001,Oklahoma,77,28,1,,25,,,1,,,3,,,5,5,33,19,3,10,7,,16,12,10,39,,,,,,
2001,Oregon,39,5,,,4,,1,,,,,,2,1,,21,12,,2,3,,3,11,4,21,,,,,,
2001,Pennsylvania,278,119,4,,111,,,,,,21,,25,58,46,84,47,5,52,21,,23,76,36,93,2,27,,,,
2001,Puerto Rico,20,,,,,,,,,,,,,1,1,18,,,1,,,,10,,10,,,,,,
2001,Rhode Island,19,9,,,8,,,1,,,,,5,5,3,5,4,,3,,,3,4,,10,1,1,,,,
2001,South Carolina,54,27,,,26,,,1,,,,,,5,4,17,7,1,6,1,,6,10,2,20,,,,,,
2001,South Dakota,21,4,,,1,,,3,,,,,,2,1,15,3,,1,2,,12,3,,6,,,,,,
2001,Tennessee,90,51,,,45,,,,,,9,,2,8,6,37,14,1,14,1,,3,20,6,55,,,,,,
2001,Texas,583,273,5,,245,,,2,,,22,,6,129,113,152,70,10,55,28,,38,119,62,333,1,1,,,,
2001,Utah,52,10,,,8,,,,,,2,,6,9,7,21,6,3,6,6,,14,7,4,15,1,11,,,,
2001,Vermont,14,3,,,3,,,,,,,,3,,,7,5,,,,,1,3,,9,,1,,,,
2001,Virgin Islands,2,1,,,1,,,,,,,,1,,,,,,,,,,,,2,,,,,,
2001,Virginia,105,39,1,,36,,,1,,,2,,6,14,7,40,18,3,7,1,,10,12,8,73,1,1,,,,
2001,Washington,217,50,,,45,,,4,,,2,,,53,32,69,40,6,25,24,,33,50,11,118,1,4,,,,
2001,West Virginia,31,11,,,11,,,,,,1,,4,2,,15,5,,5,3,,4,5,,20,,1,,,,
2001,Wisconsin,50,17,1,,14,,,1,,,2,,1,4,3,19,10,1,2,,1,12,11,7,18,1,,1,,,
2001,Wyoming,23,2,,,1,,,,,,1,,,,,12,4,,3,4,,5,10,5,3,,,,,,
2001,Total,"7,011","2,697",54,0,"2,438",0,5,59,0,0,210,0,295,938,629,"2,500","1,181",164,827,415,26,879,"1,399",794,"3,479",66,235,8,17,1,0
2002,Alabama,96,61,1,,52,,,1,,,10,,2,3,1,29,9,2,19,3,1,18,11,14,52,,,,1,,
2002,Alaska,4,2,,,2,,,,,,,,,1,,1,,1,1,,,,1,,3,,,,,,
2002,Arizona,170,42,1,,38,1,,,,,2,,1,38,34,77,14,2,5,13,,24,36,15,90,,5,,,,
2002,Arkansas,73,38,1,,36,,,,,,1,,3,2,2,34,11,1,7,5,,6,27,6,33,,,,1,,
2002,California,791,259,11,,225,,,5,,,23,,7,105,74,283,175,8,77,54,2,88,218,70,394,2,13,2,,,
2002,Colorado,109,28,,,24,,,1,,,3,,12,17,13,58,12,4,10,4,,33,21,14,32,,7,,,,
2002,Connecticut,107,23,1,,21,,,,,,1,,1,20,9,52,19,2,13,8,,11,27,15,38,,12,,,,
2002,Delaware,32,12,,,12,,,,,,,,1,4,2,9,10,,3,,,1,20,5,4,1,1,,,,
2002,District of Columbia,33,8,,,6,,,,,,2,,3,12,12,10,2,,2,3,,8,14,2,4,,2,,,,
2002,Florida,608,205,3,,178,,,1,,,26,,14,75,47,256,107,13,48,21,7,81,112,57,318,,16,,7,,
2002,Georgia,191,104,2,,96,,,,,,6,,2,13,11,65,27,6,36,1,,20,25,12,127,2,3,,,,
2002,Hawaii,56,14,2,,6,,2,1,,,4,,2,11,,30,7,,9,9,,7,13,5,27,,3,,,,
2002,Idaho,67,2,,,1,,,,,,1,,1,9,9,42,13,3,6,1,,6,39,6,10,6,,,,,
2002,Illinois,295,131,5,,121,,1,1,,,7,,1,37,25,83,63,8,36,6,10,58,70,30,105,16,,1,9,,
2002,Indiana,135,60,,,55,,,1,,,4,,1,12,8,41,20,3,19,8,,22,6,21,68,1,8,,,,
2002,Iowa,217,94,2,,84,,,4,,,5,,4,18,13,61,65,6,22,8,,14,66,21,71,3,3,,,,
2002,Kansas,163,65,1,,60,,,3,,,4,,4,11,10,81,18,4,17,6,,11,46,35,64,,2,,,,
2002,Kentucky,142,64,,,54,,1,,,,9,,,11,9,41,23,,18,2,,16,22,9,88,,6,,,,
2002,Louisiana,124,80,,,75,,,,,,5,,,5,4,54,16,2,7,6,,46,16,4,58,,,,,,
2002,Maine,26,5,,,4,,,1,,,,,3,2,1,16,6,,1,1,,4,11,1,7,,3,,,,
2002,Maryland,94,49,1,,42,,,,,,6,,5,9,5,36,7,5,6,4,,14,3,24,49,,2,,,,
2002,Massachusetts,213,64,,,59,,,2,,,4,,19,37,20,74,48,8,13,6,1,18,15,30,135,,9,,1,,
2002,Michigan,205,115,4,,100,,1,4,,,6,,,20,10,55,21,5,25,17,,19,45,24,104,,10,,,,
2002,Minnesota,82,35,4,,30,,,1,,,,,2,16,6,30,9,5,13,2,6,14,13,12,36,1,,,6,,
2002,Mississippi,74,48,1,,45,,,,,,2,,,4,1,27,15,1,7,1,,8,5,11,50,,,,,,
2002,Missouri,328,162,3,,150,,,1,,,12,,1,11,7,118,38,4,36,21,1,42,42,43,186,6,2,,1,,
2002,Montana,41,7,,,4,,,1,,,2,,,2,1,23,9,1,2,1,,15,11,5,10,,,,,,
2002,Nebraska,121,42,1,,37,,,1,,,5,,2,30,28,37,17,2,9,12,,5,43,6,60,,4,,,,
2002,Nevada,74,24,5,,18,,1,,,,,,1,18,13,33,15,1,4,3,5,8,19,4,31,7,,,5,,
2002,New Hampshire,14,4,1,,3,,,,,,,,3,1,,11,2,1,,1,,5,6,,3,,,,,,
2002,New Jersey,172,83,1,,68,,,,,,14,,6,27,14,84,27,10,46,6,3,37,23,24,78,7,,2,1,,
2002,New Mexico,38,7,,,5,,,,,,2,,,6,4,24,4,,2,2,,6,7,2,23,,,,,,
2002,New York,510,200,13,,161,,,1,,,27,,27,88,50,247,77,31,83,17,4,40,57,77,296,2,33,1,3,,
2002,North Carolina,169,77,3,,72,,,,,,2,,1,17,10,61,25,3,23,7,,22,32,10,89,3,6,,,,
2002,North Dakota,36,8,2,,1,,,5,,,,,1,1,,19,9,,2,4,,8,10,1,16,,1,,,,
2002,Ohio,468,198,2,,181,1,,3,,,14,,8,16,4,147,97,10,52,62,1,65,103,61,194,,32,,1,,
2002,Oklahoma,57,24,,,19,1,,2,,,4,,,,,29,12,1,9,,,8,8,8,33,,,,,,
2002,Oregon,55,19,3,,15,,,,,,2,,,4,3,18,14,,4,2,,8,16,6,25,,,,,,
2002,Pennsylvania,254,113,2,,106,,,3,,,17,,19,36,21,72,49,13,49,13,1,23,72,18,79,7,28,,1,,
2002,Puerto Rico,18,1,,,,,,,,,1,,,3,2,9,1,1,6,,,4,5,2,7,,,,,,
2002,Rhode Island,32,15,,,15,,,,,,,,7,3,3,16,3,,4,2,,1,4,3,20,1,3,,,,
2002,South Carolina,82,41,1,,37,,,1,,,2,,1,9,7,23,12,4,13,1,,10,3,6,23,,,,,,
2002,South Dakota,25,16,,,5,,,10,,,1,,2,1,1,7,,2,1,2,,16,2,,7,,,,,,
2002,Tennessee,138,64,,,57,,,3,,,5,,,6,4,56,20,2,24,3,,16,24,8,86,,2,,,,
2002,Texas,618,239,9,,198,,,3,,,31,,8,143,119,183,109,17,62,16,1,71,156,54,302,2,4,1,,,
2002,Utah,23,7,,,7,,,,,,,,4,5,2,10,2,1,1,4,,8,4,1,10,,,,,,
2002,Vermont,23,3,,,3,,,,,,,,1,,,12,7,,1,,,3,4,2,9,,4,,,,
2002,Virginia,108,58,1,,57,,,,,,,,8,4,2,32,20,2,4,1,,22,25,4,55,1,1,,,,
2002,Washington,195,59,7,,48,,2,1,,,1,,2,40,18,84,23,8,11,18,,19,46,17,109,2,,,,,
2002,West Virginia,34,11,,,11,,,,,,,,1,2,2,14,4,,4,1,1,5,4,4,14,,5,,1,,
2002,Wisconsin,44,20,1,,17,1,,,,,1,,,2,1,16,10,2,2,1,1,8,11,7,17,,,,1,,
2002,Wyoming,29,1,1,,,,,,,,,,,2,2,16,8,,2,2,,13,6,,10,,,,,,
2002,Total,"7,813","3,111",96,0,"2,721",4,8,61,0,0,274,0,191,969,644,"2,946","1,331",205,876,391,45,"1,035","1,625",816,"3,759",70,230,7,39,0,0
2003,Alabama,81,47,,,42,2,,1,,,2,,2,1,,35,9,,14,6,,11,17,18,34,1,,,,,
2003,Alaska,10,2,,,1,,,1,,,,,,1,,5,1,,1,1,1,1,,1,7,,,,1,,
2003,Arizona,110,29,1,1,21,1,,2,,,3,,,19,15,54,5,1,6,8,,16,25,12,51,1,3,,,,
2003,Arkansas,64,34,,,31,,,,,,3,,,5,3,19,6,,4,,,8,15,2,38,1,,,,,
2003,California,941,279,8,1,230,15,1,2,,1,19,2,8,132,84,396,156,19,76,73,5,86,287,82,460,1,18,5,,,
2003,Colorado,121,46,,,39,2,,,3,,2,,3,21,16,57,14,2,6,13,,14,36,12,57,,2,,,,
2003,Connecticut,102,27,3,,16,4,,2,,,1,1,4,17,11,45,17,3,11,8,,16,24,12,41,,7,,,,
2003,Delaware,35,9,,,8,,,,,,1,,,7,6,10,8,2,1,,,5,9,3,16,,1,,,,
2003,District of Columbia,16,9,,,7,,,,,,1,1,,3,1,5,1,,,,,1,7,,7,,,,,,
2003,Florida,537,185,2,,149,9,,,,3,20,2,10,73,49,243,87,20,66,29,1,65,87,53,296,2,19,,1,,
2003,Georgia,203,108,,,98,5,,,,,5,,7,27,18,70,19,6,45,5,,18,22,24,134,1,3,,,,
2003,Guam,1,,,,,,,,,,,,,,,1,,,,,,,,,1,,,,,,
2003,Hawaii,45,12,,,5,,2,,,,4,1,1,4,1,22,4,2,7,8,,6,11,3,21,,3,,,,
2003,Idaho,57,6,,,5,,,,,,1,,,6,5,32,15,3,8,6,2,7,22,8,18,,,1,1,,
2003,Illinois,336,143,1,,131,1,,1,,,9,,13,66,54,97,46,10,36,19,2,76,62,42,109,42,,1,1,,
2003,Indiana,135,62,1,,51,2,,,1,,5,2,3,18,11,46,13,4,23,6,,18,10,23,70,,8,,,,
2003,Iowa,168,91,4,,80,3,1,2,,1,,,3,15,9,58,29,5,12,3,,7,57,12,76,,1,,,,
2003,Kansas,299,160,,,141,5,,,1,1,11,1,3,27,22,97,32,7,23,13,,15,64,59,161,,,,,,
2003,Kentucky,112,42,,,30,5,,,1,,6,,2,11,8,42,20,2,11,4,,5,21,18,58,2,4,,,,
2003,Louisiana,134,92,,,82,1,,1,,,8,,3,,,31,53,2,23,3,,34,43,3,53,,1,,,,
2003,Maine,56,14,,,9,,,5,,,,,4,7,2,26,12,3,4,2,,8,8,4,30,,5,,,,
2003,Maryland,97,58,1,,50,3,,1,,,3,,8,4,2,31,5,1,3,4,,3,,25,65,,2,,,,
2003,Massachusetts,226,61,4,,42,5,,2,1,,3,4,11,22,16,104,38,8,14,7,,11,14,51,137,1,6,,,,
2003,Michigan,199,92,3,1,78,3,,,,1,5,1,2,14,7,75,23,3,22,16,,10,47,24,107,1,9,,,,
2003,Minnesota,86,35,,,30,1,,2,1,1,,,,6,1,37,13,2,19,3,,19,22,4,39,2,,,,,
2003,Mississippi,71,46,,,44,,,,,,2,,3,2,1,24,9,3,13,3,1,8,1,20,41,,,,1,,
2003,Missouri,451,236,1,1,220,8,1,,,,5,,,19,11,145,51,8,56,10,,33,95,104,205,,3,,,,
2003,Montana,38,3,,,,,,3,,,,,,1,1,21,11,1,6,,,2,12,6,18,,,,,,
2003,Nebraska,115,29,1,,16,1,,9,,1,1,,1,13,6,51,25,2,12,4,,3,46,4,52,,5,,,,
2003,Nevada,83,30,,,26,3,,,,,1,,3,4,4,43,8,6,2,1,3,15,23,8,33,1,,3,,,
2003,New Hampshire,20,5,,,1,3,,,,,1,,4,1,,8,9,,1,,,1,11,2,6,,,,,,
2003,New Jersey,141,58,1,,42,2,,,,,13,,2,34,26,65,35,9,38,4,3,14,36,14,73,1,,1,2,,
2003,New Mexico,51,10,,,3,2,,3,1,,1,,,12,7,28,5,,8,2,,4,8,11,28,,,,,,
2003,New York,585,205,9,,155,4,,3,,1,29,4,15,129,73,292,102,41,95,24,,63,85,82,311,4,39,,,,
2003,North Carolina,168,77,1,,64,2,,,1,,9,,1,15,8,72,23,8,28,2,,14,49,20,82,,,,,,
2003,North Dakota,40,6,,,2,,,4,,,,,2,,,22,14,,6,1,,2,20,3,12,,1,,,,
2003,Ohio,520,228,2,,200,8,,1,,,15,2,7,27,22,173,90,14,48,53,,50,105,46,242,,58,,,,
2003,Oklahoma,69,20,,,17,,,1,,,1,1,1,8,8,27,17,1,8,3,,8,14,6,41,,,,,,
2003,Oregon,53,14,,,13,,,1,,,,,,7,4,23,11,,2,5,,3,18,5,27,,,,,,
2003,Pennsylvania,264,129,3,,109,3,,3,,,9,2,10,33,20,75,30,9,27,19,1,23,88,25,83,,28,,1,,
2003,Puerto Rico,15,3,,,2,,,,,,1,,,,,11,1,,2,2,,1,3,,11,,,,,,
2003,Rhode Island,36,10,1,,6,1,,1,,,1,,6,7,5,14,6,,1,3,,4,2,6,20,,4,,,,
2003,South Carolina,79,44,1,,38,2,,1,,,2,,1,3,2,27,9,2,16,6,,6,10,5,28,,,,,,
2003,South Dakota,18,3,,,,,,3,,,,,,2,2,5,5,,3,2,,,10,1,7,,,,,,
2003,Tennessee,98,36,,,28,3,,,,,5,,5,9,7,41,18,2,21,4,1,10,8,17,56,,2,,1,,
2003,Texas,677,259,5,,215,7,1,2,1,1,24,3,10,160,135,237,84,11,73,15,,59,144,126,300,,17,,,,
2003,Utah,33,6,,,3,1,,,,,,2,1,9,4,15,1,2,2,4,,8,7,,16,2,,,,,
2003,Vermont,15,1,,,1,,,,,,,,,,,8,6,,,,,1,5,,4,,3,,,,
2003,Virginia,115,47,1,,42,,,,,,4,,6,12,10,39,19,2,11,2,,28,24,6,49,,8,,,,
2003,Washington,222,62,7,,47,1,1,4,1,,1,,1,39,30,88,52,6,20,22,,22,59,17,119,3,1,,,,
2003,West Virginia,36,19,,,18,,,,,,1,,2,1,1,11,2,1,4,1,,3,9,1,20,,1,,,,
2003,Wisconsin,59,17,,,14,,,1,,,1,1,1,4,3,19,17,3,5,1,1,5,17,7,28,1,,,1,,
2003,Wyoming,36,6,,,3,,,3,,,,,1,2,2,14,11,9,1,2,,1,9,6,20,,,,,,
2003,Total,"8,279","3,252",61,4,"2,705",118,7,65,12,11,239,30,170,"1,059",733,"3,236","1,297",245,944,432,21,851,"1,828","1,043","4,018",67,262,11,10,0,0
2004,Alabama,85,53,,,43,1,,,,,9,,,,,34,15,3,12,4,2,22,20,15,22,4,,,2,,
2004,Alaska,7,3,,,3,,,,,,,,,1,,4,1,,,,,1,,,6,,,,,,
2004,Arizona,199,61,3,,43,1,,2,,3,4,5,1,38,27,101,10,2,9,7,,16,44,15,113,,10,,,,
2004,Arkansas,85,50,2,,44,1,,1,,,2,,,11,8,23,8,5,6,,1,11,21,10,42,,,1,,,
2004,California,949,295,12,1,251,14,2,,,,13,2,10,122,90,381,172,36,70,93,,69,174,228,434,2,39,,,,
2004,Colorado,121,32,2,,25,,,2,,,2,1,1,27,22,58,10,4,13,18,,9,10,9,86,,5,,,,
2004,Connecticut,81,25,1,,19,,,,1,,1,3,4,15,10,39,9,2,6,2,,9,14,12,39,,3,,,,
2004,Delaware,37,17,1,,16,,,,,,,,,4,4,13,4,1,2,,,4,18,5,8,,1,,,,
2004,District of Columbia,52,10,,1,9,,,,,,,,,31,27,10,8,1,3,,,4,12,3,13,,1,,,,
2004,Florida,784,292,2,,247,15,,2,1,,22,3,22,94,61,237,108,133,47,33,,234,96,86,336,7,12,,,,
2004,Georgia,176,107,2,,91,7,,,3,,4,,,10,7,64,21,1,30,2,,19,25,16,111,1,4,,,,
2004,Guam,2,,,,,,,,,,,,,,,1,,,,1,,1,,,1,,,,,,
2004,Hawaii,55,19,1,,10,,5,,,,2,1,2,3,,26,6,3,5,5,,8,9,8,26,,1,,,,
2004,Idaho,48,2,,,1,,,,,1,,,1,6,6,28,8,,4,10,,5,21,5,17,,,,,,
2004,Illinois,375,180,1,1,156,12,,1,,,6,3,10,51,29,103,55,13,43,11,14,86,54,85,120,4,1,3,9,2,
2004,Indiana,187,81,1,,68,9,,,,,1,2,3,20,16,67,26,2,22,4,,36,15,31,88,,7,,,,
2004,Iowa,239,80,5,,67,2,2,2,,1,1,,1,13,11,117,21,7,28,10,2,16,105,22,79,,6,,2,,
2004,Kansas,222,122,,,93,11,,5,,1,10,2,3,22,21,61,26,3,26,14,3,34,64,42,75,,,2,1,,
2004,Kentucky,147,58,,,52,3,,1,,,2,,2,9,8,57,21,5,22,7,1,14,28,11,78,1,11,1,,,
2004,Louisiana,175,113,,,103,4,,1,,,5,,1,7,,39,28,1,19,3,1,35,57,7,75,,,,1,,
2004,Maine,59,6,,,4,2,,,,,,,3,5,1,40,7,2,5,6,,12,10,11,17,1,8,,,,
2004,Maryland,102,44,1,,41,2,,,,,,,,10,8,28,10,4,7,4,,10,,20,62,,6,,,,
2004,Massachusetts,246,67,4,,52,4,,,2,,4,1,17,28,14,120,36,3,11,21,,17,14,41,145,2,16,,,,
2004,Michigan,303,122,,,104,6,,2,,,10,,5,21,10,98,55,7,30,10,,37,61,27,174,,3,,,,
2004,Minnesota,90,35,,,28,1,,2,,1,1,2,7,7,6,29,16,1,18,6,,21,16,16,35,2,,,,,
2004,Mississippi,69,43,,,33,4,,,,,6,,,5,2,30,17,1,11,2,,15,14,9,31,,,,,,
2004,Missouri,362,149,,,138,4,,,,,7,,2,14,5,141,49,18,35,13,1,42,74,68,168,,4,,1,,
2004,Montana,49,9,,,5,,,3,,1,,,,3,1,36,6,1,2,2,2,9,15,3,20,,,1,,1,
2004,Nebraska,162,50,,,36,3,,2,1,,7,1,,58,54,39,13,3,26,6,,6,52,15,84,,3,,,,
2004,Nevada,56,20,1,,13,5,,1,,,,,1,8,7,22,10,1,5,6,2,13,14,2,25,,,2,,,
2004,New Hampshire,21,2,,,1,1,,,,,,,1,2,2,12,4,,2,,,1,8,3,9,,,,,,
2004,New Jersey,161,61,1,1,55,,,,,,4,,3,32,23,65,31,12,24,3,3,29,42,9,78,,,1,2,,
2004,New Mexico,54,8,,,5,,,1,,,2,,,15,13,28,11,,4,5,,7,6,5,36,,,,,,
2004,New York,605,251,8,,194,9,,4,,,28,8,13,115,72,261,103,36,148,18,1,55,69,68,372,1,38,,1,,
2004,North Carolina,243,111,1,1,96,7,,1,,1,4,,1,64,54,70,23,3,30,6,,42,57,11,129,,,,,,
2004,North Dakota,32,12,,,4,1,,5,,2,,,2,2,,14,7,,2,2,,2,9,1,18,,2,,,,
2004,Ohio,491,224,2,,183,25,,,1,,11,2,6,20,9,168,74,9,50,36,,51,98,76,201,1,47,,,,
2004,Oklahoma,97,44,,,40,1,,2,,,1,,,8,5,50,14,2,8,2,,18,31,6,42,,,,,,
2004,Oregon,77,11,,,8,,,2,,,1,,1,8,3,53,2,4,6,8,,5,23,10,39,,,,,,
2004,Pennsylvania,410,197,3,,179,8,,1,,,5,1,11,80,72,99,44,2,39,27,2,46,84,26,147,3,70,,2,,
2004,Puerto Rico,21,1,,,1,,,,,,,,,,,17,1,3,3,3,,1,5,4,11,,,,,,
2004,Rhode Island,30,11,1,,8,,,,,,,2,4,5,3,13,5,,3,4,,1,3,2,21,,3,,,,
2004,South Carolina,92,52,1,,43,5,,,,,3,,1,10,8,20,9,1,16,5,,6,13,1,12,,,,,,
2004,South Dakota,40,7,,,2,,,5,,,,,1,1,,27,6,1,1,,7,4,12,,11,6,,,7,,
2004,Tennessee,136,67,,,54,6,,,,,6,1,,7,5,49,35,5,27,4,,16,29,11,74,,1,,,,
2004,Texas,882,336,6,,283,4,,3,,1,36,3,10,198,168,304,134,9,79,27,8,91,177,135,419,,11,2,6,,
2004,Utah,57,10,,,3,1,,2,,1,1,2,,28,25,25,8,3,5,4,,4,20,3,27,,3,,,,
2004,Vermont,36,4,1,,2,,,,,,,1,2,2,,22,8,2,,1,,1,3,3,19,,10,,,,
2004,Virgin Islands,1,1,,,,,,,,,1,,,,,,,,,,,,,,1,,,,,,
2004,Virginia,140,72,4,,60,3,,,,,4,1,7,23,9,44,16,7,15,2,,11,22,6,94,,7,,,,
2004,Washington,204,54,1,,41,5,1,3,2,,1,,2,38,27,87,32,3,16,23,,25,49,5,119,1,5,,,,
2004,West Virginia,39,9,,,6,1,,1,,,1,,,3,2,21,5,3,3,2,,7,10,2,19,,1,,,,
2004,Wisconsin,95,35,,,31,2,,1,,,1,,2,5,1,35,26,2,13,2,4,17,30,18,25,1,,2,2,,
2004,Wyoming,28,6,,,3,,,,,,3,,1,6,6,13,7,,3,,,9,7,3,9,,,,,,
2004,Total,"9,516","3,731",68,5,"3,097",190,10,58,11,13,232,47,164,"1,315",962,"3,543","1,381",370,"1,014",484,54,"1,264","1,864","1,230","4,462",37,339,15,36,3,0
2005,Alabama,81,64,,,63,1,,,,,,,1,3,3,19,9,2,12,1,,17,22,17,25,,,,,,
2005,Alaska,8,4,,,2,1,,,1,,,,,,,2,2,,1,,,1,1,,6,,,,,,
2005,Arizona,233,73,1,,59,4,,3,,,5,1,7,47,27,107,16,6,14,10,,17,43,26,133,,10,,,,
2005,Arkansas,85,43,,,34,3,,,,,6,,2,5,3,35,7,3,11,1,,14,12,9,50,,,,,,
2005,California,"1,047",282,20,1,226,5,2,4,1,,18,5,9,153,106,418,216,27,107,85,1,89,249,107,563,2,33,,1,,
2005,Colorado,100,26,,,19,2,,3,,,2,,,15,14,56,5,3,5,10,,8,11,4,74,,2,,,,
2005,Connecticut,107,25,2,,19,2,,,,,1,1,4,14,12,46,17,4,3,7,,27,34,7,32,,6,,,,
2005,Delaware,52,15,,,13,,,,,,2,,,4,2,29,4,1,7,,,1,13,16,19,,1,,,,
2005,District of Columbia,28,7,,,6,1,,,,,,,,5,1,13,2,,4,1,,7,5,2,9,,1,,,,
2005,Florida,614,224,8,1,183,10,1,2,1,,15,3,11,97,63,265,84,19,50,28,,78,126,46,329,,23,,,,
2005,Georgia,163,95,,,82,3,,1,,,9,,3,29,23,55,26,4,29,7,3,22,23,11,102,,1,,3,,
2005,Hawaii,52,9,,,6,,1,1,,,1,,4,9,1,25,11,1,6,6,,2,13,1,30,,1,,,,
2005,Idaho,38,1,1,,,,,,,,,,,2,2,24,7,2,5,4,,1,20,3,14,,,,,,
2005,Illinois,418,205,6,,179,7,,,,,9,4,1,45,25,142,43,13,48,18,8,145,51,84,120,1,3,3,5,,
2005,Indiana,223,91,1,,75,10,,2,,,3,,,25,17,73,26,3,29,10,,51,30,16,106,7,5,,,,
2005,Iowa,218,68,2,,59,4,,,,,2,1,1,16,15,101,39,2,17,5,,13,100,36,60,2,3,,1,,
2005,Kansas,152,60,,,48,,,,1,1,10,,,12,10,70,17,3,11,12,1,24,59,13,54,,1,,1,,
2005,Kentucky,112,40,,,38,2,,,,,,,,11,10,41,22,1,13,6,,2,33,13,55,,7,,,,
2005,Louisiana,164,103,1,,87,6,,1,,,8,,1,8,6,60,25,1,26,5,,30,48,14,72,,,,,,
2005,Maine,73,10,1,,8,1,,,,,,,5,7,1,39,20,1,5,1,,3,30,11,20,,9,,,,
2005,Maryland,124,33,3,,28,,,,1,,1,,5,12,6,55,13,7,15,3,,8,2,11,102,,1,,,,
2005,Massachusetts,275,81,4,,67,2,,,,,7,1,13,35,16,117,60,5,12,6,1,10,10,45,183,,25,1,,,
2005,Michigan,396,145,,,126,6,,,2,2,9,,1,22,7,213,46,5,35,14,1,93,68,55,162,,11,,1,,
2005,Minnesota,76,29,,1,22,4,,1,,,1,,,10,1,39,6,3,10,1,2,21,13,7,33,,,1,1,,
2005,Mississippi,44,26,,,18,5,,,,,3,,1,,,17,6,,4,3,1,18,6,2,17,,,,1,,
2005,Missouri,291,131,2,,114,3,1,2,,1,7,1,,21,12,108,19,1,35,16,4,39,60,47,132,,5,,4,,
2005,Montana,45,12,,,2,,,8,,2,,,,1,1,22,7,2,7,4,,6,13,1,25,,,,,,
2005,Nebraska,98,34,,,28,,,2,1,,2,1,,12,8,33,10,2,10,14,,3,34,6,52,,2,,,,
2005,Nevada,50,15,,,12,1,,,,,2,,,10,8,23,8,,5,1,,3,17,4,26,,,,,,
2005,New Hampshire,78,7,1,1,4,,,,1,,,,2,5,4,21,51,,,2,,6,56,5,11,,,,,,
2005,New Jersey,236,72,2,,58,2,,1,,,9,,9,37,29,114,49,5,18,6,,24,42,29,132,,5,,,,
2005,New Mexico,70,16,,,7,1,,8,,,,,,19,19,41,6,1,8,5,,10,9,10,41,,,,,,
2005,New York,560,197,8,1,159,3,,1,1,,20,4,26,106,66,304,87,31,94,18,1,50,80,81,300,1,39,,1,,
2005,North Carolina,172,74,3,,62,3,,1,,,5,,2,31,27,62,25,3,22,3,,18,57,10,77,,5,,,,
2005,North Dakota,37,4,,,,,,4,,,,,,3,3,26,7,,2,1,,2,17,1,14,,3,,,,
2005,Ohio,476,176,3,,149,11,,2,2,,9,,6,32,11,193,69,15,49,44,,75,121,78,160,2,23,,,,
2005,Oklahoma,113,65,,,50,1,,8,1,,5,,1,4,4,45,14,2,7,6,,14,23,9,62,,4,,,,
2005,Oregon,80,29,1,,23,2,,2,,,1,,,13,10,39,8,3,6,9,5,11,15,6,43,,,,5,,
2005,Pennsylvania,351,141,6,,129,3,2,,,,1,,17,63,42,112,40,8,44,14,,50,82,31,144,,26,,,,
2005,Puerto Rico,14,,,,,,,,,,,,,2,1,13,,,,,1,1,7,,5,,,1,,,
2005,Rhode Island,29,10,,,3,,,1,1,,5,,1,4,3,11,4,1,2,,,1,2,6,17,,3,,,,
2005,South Carolina,92,49,,,40,3,,,,,5,1,,17,15,24,10,1,8,6,,14,35,1,41,,,,,,
2005,South Dakota,27,5,,,2,,,3,,,,,1,2,,11,9,,,1,1,,15,,11,,,,1,,
2005,Tennessee,140,58,,,47,5,,,,,5,1,,9,6,68,21,1,15,2,,15,16,5,80,,12,,,,
2005,Texas,969,396,7,1,333,6,,3,,,44,2,5,206,158,338,118,16,85,38,1,129,176,149,495,,12,1,,,
2005,Utah,60,20,10,,5,,2,1,,,2,,10,18,14,23,11,3,4,2,,16,17,3,19,,5,,,,
2005,Vermont,20,,,,,,,,,,,,,1,1,15,2,1,3,,,4,4,,12,,,,,,
2005,Virgin Islands,2,1,,,1,,,,,,,,,1,1,1,,,,,,,1,,1,,,,,,
2005,Virginia,136,65,10,,46,6,,,,,3,,1,14,5,45,21,2,9,3,,13,17,6,80,,19,,,,
2005,Washington,238,76,4,,62,4,1,2,,,3,,4,34,18,127,26,3,18,21,1,26,73,11,126,,1,,1,,
2005,West Virginia,29,13,,,11,,,,,,2,,1,1,,13,2,,3,,,3,2,,22,,2,,,,
2005,Wisconsin,139,64,1,,52,6,,2,,,3,,,8,7,67,11,1,11,5,2,20,55,21,41,,,,2,,
2005,Wyoming,21,10,,,,,,8,2,,,,,3,3,7,1,,1,,,12,2,1,6,,,,,,
2005,Total,"9,456","3,499",108,6,"2,866",139,10,77,16,6,245,26,155,"1,263",847,"3,967","1,365",218,945,465,34,"1,267","2,070","1,077","4,545",15,309,7,28,0,0
2006,Alabama,105,76,,,66,2,,,,,8,,1,4,2,36,19,2,28,6,,32,6,25,42,,,,,,
2006,Alaska,17,4,,,2,1,,,,,,1,,,,12,1,,,2,1,2,3,1,10,,,,1,,
2006,Arizona,247,62,2,,44,5,,2,1,,7,1,4,44,26,120,23,6,11,29,,26,60,19,128,,12,,,,
2006,Arkansas,128,85,,,74,2,,1,,,8,,1,,,41,12,1,7,6,,32,23,14,56,,1,,,,
2006,California,"1,352",364,36,3,271,10,,2,2,,36,4,4,235,130,555,262,34,107,124,8,138,281,116,757,,48,1,7,,
2006,Colorado,116,37,1,,26,3,,2,,,1,4,,28,24,44,7,3,7,7,,14,6,3,90,,3,,,,
2006,Connecticut,125,24,,,17,3,,1,,,3,,7,10,7,67,22,4,3,1,1,29,45,4,31,,10,,1,,
2006,Delaware,39,15,,,14,,,,,,1,,,6,3,20,3,,1,,,2,9,10,17,,,,,,
2006,District of Columbia,25,5,,,5,,,,,,,,,5,4,12,1,,4,2,,3,11,,10,,1,,,,
2006,Florida,641,225,4,,188,11,1,2,,,12,7,10,108,53,305,100,13,57,28,2,86,115,52,341,,33,,2,,
2006,Georgia,248,146,1,,127,6,,,1,,11,,5,23,15,92,30,7,45,8,3,78,31,5,130,1,,,3,,
2006,Hawaii,60,14,3,,5,,,,,,6,,3,9,1,30,8,4,11,10,,6,12,7,26,,4,,,,
2006,Idaho,63,5,2,1,2,,,,,,,,,4,2,42,4,16,8,3,4,12,21,5,21,,,1,3,,
2006,Illinois,474,209,1,,187,10,,1,,,8,2,4,57,28,162,84,14,55,24,3,143,58,104,152,1,2,2,1,,
2006,Indiana,202,94,,,87,4,,1,,,1,1,2,20,19,78,27,6,19,6,,48,28,31,84,1,2,,,,
2006,Iowa,204,85,1,,79,,,2,,,3,,3,19,11,80,40,4,19,14,,36,62,17,86,1,,,,,
2006,Kansas,152,52,,,39,6,,4,2,,1,,,9,7,64,26,2,15,8,,34,35,16,67,,,,,,
2006,Kentucky,103,39,,,33,4,,1,,,1,,,12,8,40,15,3,9,2,2,6,16,14,58,,5,,2,,
2006,Louisiana,129,87,1,,76,3,,1,,,5,1,,7,6,26,23,3,12,4,,25,37,12,54,,1,,,,
2006,Maine,88,17,1,,9,4,,1,1,,1,,3,6,2,54,9,,4,12,,9,27,14,34,,4,,,,
2006,Maryland,101,49,3,,41,1,,,,,2,2,3,11,6,42,5,3,4,3,,7,3,17,68,,,,,,
2006,Massachusetts,283,65,3,1,49,6,,,,,5,1,18,39,12,124,65,3,18,17,,31,8,58,156,,25,,,,
2006,Michigan,469,267,2,,244,8,,2,1,1,9,,,27,10,153,42,12,34,21,,111,106,55,189,1,3,,,,
2006,Minnesota,106,42,1,,34,3,,4,,,,,3,22,8,46,13,3,15,6,,35,22,14,35,,,,,,
2006,Mississippi,59,43,,,36,5,,,,,2,,,4,2,23,6,2,10,7,5,11,12,4,27,,,1,4,,
2006,Missouri,383,163,,,150,4,1,1,,,6,1,2,13,5,151,40,5,54,23,,61,74,58,173,4,6,,,,
2006,Montana,33,6,,,2,1,,2,,,1,,,,,19,7,2,4,1,2,10,9,4,8,,,,2,,
2006,Nebraska,172,52,1,,41,1,,2,1,,6,,,66,57,43,15,4,14,29,,10,33,4,97,,23,,,,
2006,Nevada,97,31,4,,20,5,,,,,1,1,,12,9,52,11,,7,6,,17,15,17,47,1,,,,,
2006,New Hampshire,55,8,,,8,,,,,,,,1,4,3,32,8,,,5,,4,22,6,23,,,,,,
2006,New Jersey,251,100,2,,90,5,,,,,2,1,4,51,22,117,38,11,28,4,,40,46,18,142,,3,,,,
2006,New Mexico,57,19,,,11,,,2,1,1,4,,1,10,10,30,8,2,7,4,1,8,7,9,32,,,,1,,
2006,New York,564,173,10,,133,4,,,1,1,20,4,27,103,60,297,95,41,85,20,2,75,50,70,289,5,60,1,1,,
2006,North Carolina,202,106,1,,82,14,,,,,9,,1,40,32,67,21,2,29,3,,39,52,10,87,3,5,,,,
2006,North Dakota,36,5,,,1,,,3,,,1,,1,4,1,23,6,3,4,1,,3,15,1,12,,5,,,,
2006,Ohio,566,229,,,197,18,,1,,,12,1,8,32,13,252,86,7,73,41,,77,149,60,220,,33,,,,
2006,Oklahoma,94,50,,,38,4,,,2,,6,,2,2,1,39,15,,9,7,,11,19,10,54,,,,,,
2006,Oregon,110,15,,,11,,,,1,,3,,,10,7,74,6,4,2,9,1,6,20,9,74,,,,1,,
2006,Pennsylvania,397,201,,,182,6,,2,1,1,8,1,8,60,49,84,35,5,45,42,,44,78,32,203,,19,,,,
2006,Puerto Rico,9,,,,,,,,,,,,,,,9,,,,2,1,1,4,,3,,,1,,,
2006,Rhode Island,47,11,,,9,,,,,,2,,2,6,5,24,9,,2,3,,2,11,9,22,,3,,,,
2006,South Carolina,86,47,1,,39,5,,,,,2,,,6,4,34,10,1,6,4,,16,27,4,39,,,,,,
2006,South Dakota,25,4,,,1,,,3,,,,,,1,1,13,9,,1,1,,,15,1,9,,,,,,
2006,Tennessee,179,88,,,72,7,,1,1,,5,2,1,35,32,59,24,5,19,5,,22,26,6,119,,5,,,,
2006,Texas,963,395,3,1,334,10,,2,,1,41,3,1,188,160,346,104,15,72,37,,174,157,161,453,,3,,,,
2006,Utah,56,20,,1,5,,,2,,,8,4,1,12,11,25,14,5,10,8,,8,17,7,20,,2,,,,
2006,Vermont,32,3,,,1,,,,1,,,1,1,1,1,21,6,,1,2,,3,8,4,16,,1,,,,
2006,Virginia,159,59,1,1,52,2,,,,,2,1,1,30,22,52,21,2,8,3,3,13,27,20,84,6,5,,3,,
2006,Washington,290,93,2,,76,5,2,3,2,1,1,1,3,36,26,132,29,8,18,31,,30,60,13,184,,2,,,,
2006,West Virginia,35,19,,,11,5,,,1,,2,,,6,2,11,1,1,4,,,4,4,2,24,,,,,,
2006,Wisconsin,144,61,1,,53,3,,1,,,3,,,12,8,64,32,2,18,7,1,29,35,25,54,,,,1,,
2006,Wyoming,9,1,,,,,,1,,,,,,,,3,2,1,2,,,2,3,,4,,,,,,
2006,Total,"10,587","4,070",88,8,"3,374",196,4,53,20,6,276,45,136,"1,449",927,"4,341","1,499",271,"1,025",648,40,"1,665","2,020","1,177","5,161",24,329,7,33,0,0
2007,Alabama,96,59,,,56,2,,,1,,,,,1,1,40,12,,18,1,1,35,6,28,26,,,,1,,
2007,Alaska,21,7,,,6,,,,1,,,,,2,1,15,1,,1,2,,2,2,4,13,,,,,,
2007,Arizona,317,82,4,,58,5,,5,1,,8,1,14,53,33,157,21,10,20,42,,29,63,27,186,1,11,,,,
2007,Arkansas,151,105,,,97,4,,,,,3,1,,4,3,49,10,2,18,3,,8,47,20,68,,2,,,,
2007,California,"1,306",379,14,2,302,17,,7,,1,30,6,4,199,100,588,212,28,90,118,2,160,237,117,745,1,41,,2,,
2007,Colorado,111,21,1,,15,1,,2,,,2,,,31,28,51,13,3,8,10,1,8,3,10,85,,2,1,,,
2007,Connecticut,126,17,1,,12,2,,,,,2,,5,12,7,85,10,1,2,3,,23,40,7,45,,9,,,,
2007,Delaware,38,15,,,14,,,,,,1,,,,,23,2,2,4,1,,,9,9,18,,1,,,,
2007,District of Columbia,45,13,2,,10,,,,,,1,,1,8,2,18,4,3,6,5,,6,11,3,24,,,,,,
2007,Florida,641,202,2,,167,14,,3,,,13,3,7,101,66,306,93,16,52,34,1,96,110,39,344,,40,,1,,
2007,Georgia,220,123,2,1,106,5,,,,,9,,5,33,23,90,23,4,45,5,,60,25,19,115,,1,,,,
2007,Guam,1,,,,,,,,,,,,,,,1,,,,,,,,,1,,,,,,
2007,Hawaii,54,12,2,1,5,,1,,,,3,,1,10,,23,7,1,7,8,,5,13,10,24,,1,,,,
2007,Idaho,107,4,,,4,,,,,,,,,17,10,77,15,3,12,,,32,32,11,32,,,,,,
2007,Illinois,353,151,,1,133,8,,2,,1,6,,3,43,14,115,65,15,31,17,2,103,35,84,114,1,1,2,,,
2007,Indiana,203,96,1,,83,2,,1,,,6,3,,14,8,87,34,5,21,5,7,37,27,37,87,,4,,7,,
2007,Iowa,214,92,,,82,3,,1,,,6,,1,12,8,83,27,,27,13,,34,60,10,102,,5,,,,
2007,Kansas,149,61,1,,51,3,,3,,,3,,1,10,7,61,16,1,13,3,1,44,23,26,55,,,1,,,
2007,Kentucky,120,41,,,38,1,,1,,,1,,1,15,13,55,24,1,13,4,,20,19,13,54,,5,,,,
2007,Louisiana,123,83,1,1,67,2,,1,,,9,2,2,2,2,35,18,5,16,4,,27,38,6,49,,3,,,,
2007,Maine,56,8,1,,2,1,,,,1,,3,,2,,32,12,1,6,1,,9,11,9,20,,7,,,,
2007,Maryland,106,42,3,,38,1,,,,,,,4,16,10,44,12,6,11,6,,10,,16,74,,3,,,,
2007,Massachusetts,298,58,3,,44,3,,1,1,,6,,10,42,24,151,56,4,11,9,,32,7,71,152,4,32,,,,
2007,Michigan,300,145,,,121,8,,1,2,2,10,1,,12,10,114,32,6,20,19,,53,38,43,147,,10,,,,
2007,Minnesota,82,34,2,,27,1,,,1,1,2,,,2,2,39,13,2,7,2,4,30,13,8,27,,,,4,,
2007,Mississippi,48,31,1,,24,5,,,,,,1,,2,1,14,12,,6,2,1,14,3,9,20,1,,1,,,
2007,Missouri,406,153,1,,128,8,,1,1,,14,,,7,3,189,33,4,35,20,,80,76,61,161,,9,,,,
2007,Montana,21,4,,,1,,,3,,,,,,,,13,5,,1,,,7,6,1,7,,,,,,
2007,Nebraska,143,43,,1,32,2,,5,,1,2,,7,34,28,48,18,4,12,20,,12,44,3,78,,5,,,,
2007,Nevada,104,43,1,,36,1,,,2,,2,1,1,16,10,40,12,3,2,6,2,24,13,20,45,,,2,,,
2007,New Hampshire,23,3,,,2,1,,,,,,,1,1,,12,6,,,2,,1,8,2,12,,,,,,
2007,New Jersey,244,99,,1,81,6,,1,2,,8,,,39,21,120,31,14,23,9,,32,26,43,136,,2,,,,
2007,New Mexico,68,22,,,8,1,,2,2,1,8,,,9,6,23,18,,6,2,1,10,24,8,25,,,,1,,
2007,New York,661,220,10,,169,6,,1,3,1,22,8,41,120,76,355,147,46,134,34,2,74,44,70,366,,79,1,1,,
2007,North Carolina,215,114,,3,97,6,,,,,6,2,,42,30,62,21,8,25,8,,54,49,11,92,2,1,,,,
2007,North Dakota,62,18,,,13,,,4,,1,,,9,7,,33,15,,3,,,2,21,3,31,,5,,,,
2007,Ohio,491,194,1,1,157,14,1,,2,1,15,2,11,23,7,184,101,21,51,29,,78,116,48,201,,19,,,,
2007,Oklahoma,110,54,,,46,1,,1,1,,5,,,11,9,43,5,4,12,4,,12,16,6,76,,,,,,
2007,Oregon,97,20,1,,9,1,,7,,,2,,,15,14,54,13,5,7,2,1,15,15,12,54,,,,1,,
2007,Pennsylvania,346,131,4,,115,3,,,,,9,,24,59,37,133,47,4,67,17,2,49,115,32,119,,15,,2,,
2007,Puerto Rico,38,5,,,3,,,1,,,1,,1,4,4,29,6,1,4,,2,8,10,5,13,,,1,,1,
2007,Rhode Island,50,21,,,17,1,,2,,,1,,12,8,2,20,7,,5,1,,7,13,10,18,,2,,,,
2007,South Carolina,112,55,1,,42,3,,,,1,8,,,6,2,40,18,2,16,11,,13,32,5,61,,1,,,,
2007,South Dakota,11,4,,,,2,,2,,,,,,2,2,2,4,,2,,,2,4,,5,,,,,,
2007,Tennessee,196,103,1,,67,8,,1,,,10,16,19,30,25,83,17,10,35,2,,19,34,15,127,,,,,,
2007,Texas,884,386,3,,334,6,,3,,1,36,3,9,139,110,313,108,12,117,44,1,138,173,133,437,,,,1,,
2007,Utah,107,9,1,,4,,,1,,1,2,,26,40,12,47,14,8,10,7,,31,32,9,25,,7,,,,
2007,Vermont,23,1,,,1,,,,,,,,,1,,11,9,1,2,1,,4,9,,6,,3,,,,
2007,Virginia,120,44,1,,37,1,,,,,5,,1,14,4,36,22,6,16,4,2,15,23,4,60,1,11,,2,,
2007,Washington,309,95,6,,72,2,1,,1,2,7,4,3,34,17,173,27,7,22,23,,53,83,16,152,,3,,,,
2007,West Virginia,46,26,,,17,,,,,,9,,1,,,21,7,,8,5,,5,12,10,16,,1,,,,
2007,Wisconsin,76,30,,,25,3,,1,,,1,,,7,2,34,15,1,6,4,1,15,21,14,25,,,1,,,
2007,Wyoming,15,1,,,,,,1,,,,,,4,2,8,1,1,1,4,,4,3,1,7,,,,,,
2007,Total,"10,264","3,779",72,12,"3,075",164,3,65,21,16,294,57,225,"1,315",796,"4,479","1,471",281,"1,087",576,34,"1,641","1,894","1,178","4,982",11,341,10,23,1,0
2008,Alabama,189,96,,,80,7,,,,,9,,6,24,1,68,28,2,42,5,4,59,17,28,75,6,,1,3,,
2008,Alaska,9,2,,,,,,1,,1,,,,1,1,6,1,,,,,2,2,1,4,,,,,,
2008,Arizona,272,63,3,,46,3,,6,,1,4,,1,49,32,117,33,11,14,26,1,23,41,25,176,,5,,1,,
2008,Arkansas,118,75,1,,58,4,,1,,,8,3,2,4,3,47,9,3,17,6,,11,38,25,44,,,,,,
2008,California,"1,274",290,16,,241,11,2,1,1,,11,7,9,126,79,639,233,27,82,97,,151,332,122,616,8,40,,,,
2008,Colorado,119,36,1,,28,2,,3,,,2,,3,16,14,68,12,1,7,5,,9,3,20,83,,1,,,,
2008,Connecticut,129,32,,,29,2,,,,,,1,6,22,11,52,27,3,9,10,,29,34,13,40,,11,,,,
2008,Delaware,24,13,1,,11,,,,,,1,,,,,9,1,,3,,,3,7,4,10,,,,,,
2008,District of Columbia,55,13,2,,10,,,,,,1,,,6,2,24,10,3,2,3,,9,10,3,31,,1,,,,
2008,Florida,817,249,4,,189,9,1,1,2,,34,9,21,121,74,427,110,34,89,49,4,142,90,50,465,3,45,3,1,,
2008,Georgia,321,169,3,,153,4,,,,,8,1,17,46,34,120,47,17,73,10,,104,48,27,140,2,,,,,
2008,Hawaii,63,11,1,1,4,,2,,,,2,1,,6,1,29,18,1,7,9,,10,25,6,20,,1,,,,
2008,Idaho,28,2,,1,,,,1,,,,,,5,4,15,3,2,1,,1,7,6,4,10,,,,1,,
2008,Illinois,385,157,4,,142,1,,1,,,8,1,3,41,24,139,75,13,18,27,3,98,21,94,148,2,1,2,1,,
2008,Indiana,205,105,2,1,90,4,,3,,,5,,,7,5,75,23,3,15,5,1,51,22,27,90,1,4,,1,,
2008,Iowa,246,110,2,,91,3,1,1,1,1,9,1,4,25,18,93,23,2,25,18,1,31,81,7,109,,,1,,,
2008,Kansas,124,40,,,33,,,1,,,5,1,2,14,8,49,23,,8,3,,23,36,20,45,,,,,,
2008,Kentucky,144,70,1,,57,11,,,,,1,,1,12,7,45,29,4,25,9,,44,25,4,66,,1,,,,
2008,Louisiana,100,64,,,58,,,,,,6,,1,3,2,21,20,3,12,3,1,17,27,4,45,2,4,,,,
2008,Maine,44,9,,,2,2,,2,,1,2,,,2,1,29,6,2,3,2,,13,8,3,17,,3,,,,
2008,Maryland,93,36,1,,32,,,1,,,2,,,4,3,35,21,3,12,,,16,4,24,49,,,,,,
2008,Massachusetts,338,84,1,1,68,6,,1,,,6,1,18,50,28,133,88,7,18,12,1,29,13,63,174,3,53,,1,,
2008,Michigan,486,149,3,,124,4,,3,,,14,1,1,30,17,155,164,7,31,13,2,81,86,80,194,1,20,2,,,
2008,Minnesota,85,22,1,1,17,2,,,,,1,,,5,2,44,12,1,7,1,,32,20,11,20,2,,,,,
2008,Mississippi,95,57,,,51,3,,,,,3,,6,4,2,36,22,1,29,4,1,25,8,20,41,,,,1,,
2008,Missouri,292,121,,,100,7,,2,,,12,,2,12,7,117,29,7,35,24,2,43,58,49,131,2,1,,2,,
2008,Montana,8,3,1,,,,,2,,,,,,,,4,,,1,1,,1,2,,5,,,,,,
2008,Nebraska,138,39,,,31,1,,,,,7,,7,43,17,53,13,2,15,11,2,17,41,5,72,,,,2,,
2008,Nevada,105,26,,,17,3,,,,,4,2,1,15,13,45,24,2,4,3,1,34,30,11,29,,,1,,,
2008,New Hampshire,29,3,,,2,,,,1,,,,1,3,1,17,4,,2,1,,5,4,6,14,,,,,,
2008,New Jersey,208,67,,,58,1,,,,,7,1,1,22,12,100,37,14,23,9,,49,27,24,104,,2,,,,
2008,New Mexico,60,13,,,8,1,,,,,4,,,6,5,21,15,8,7,1,1,16,21,7,15,,,1,,,
2008,New York,820,290,12,,202,5,1,2,,2,51,15,81,195,126,424,188,71,216,67,10,102,52,70,506,,47,4,5,1,
2008,North Carolina,250,99,1,1,83,5,,1,,,7,1,,63,52,79,31,3,19,3,,60,58,20,109,,,,,,
2008,North Dakota,36,7,,,2,,,4,1,,,,2,3,,19,9,4,2,1,,3,12,2,15,,3,,,,
2008,Ohio,557,208,3,,190,6,,,,1,7,1,17,56,13,223,107,32,47,43,1,81,130,58,206,7,15,,1,,
2008,Oklahoma,97,32,1,,26,1,,,2,,2,,1,11,8,42,18,,8,4,,12,21,7,55,,2,,,,
2008,Oregon,101,25,2,,18,,,4,,,1,,1,15,14,57,10,4,4,10,1,12,19,5,60,,,,1,,
2008,Pennsylvania,281,90,5,,68,3,1,2,,1,9,1,22,45,26,112,29,15,56,24,,31,78,25,135,,3,,,,
2008,Puerto Rico,28,4,,,,,,1,,,3,,,5,5,28,,2,6,,1,7,12,1,7,,,1,,,
2008,Rhode Island,65,15,,,9,6,,,,,,,12,11,8,26,13,1,2,3,1,9,6,14,27,,8,,1,,
2008,South Carolina,132,74,1,,54,5,,2,,,12,,1,6,3,35,20,6,22,14,,38,28,6,58,,1,,,,
2008,South Dakota,13,6,,,3,,,2,1,,,,1,,,6,6,,1,1,2,,5,2,4,,,,2,,
2008,Tennessee,207,98,,,75,8,,2,,2,9,2,7,30,10,99,28,6,32,5,,36,24,22,120,,,,,,
2008,Texas,920,298,7,,255,5,,1,1,,28,1,10,159,117,385,167,13,78,39,1,109,268,141,397,,1,,1,,
2008,Utah,95,13,,1,8,,1,2,,,1,,3,16,14,39,25,6,7,9,,6,15,19,37,,13,,,,
2008,Vermont,26,4,,,4,,,,,,,,,,,11,9,1,5,,,3,11,1,7,,4,,,,
2008,Virgin Islands,1,1,,,1,,,,,,,,,1,,,1,,1,,,1,,,,,,,,,
2008,Virginia,115,34,3,,24,2,,1,,,4,,1,7,3,49,21,1,12,1,,12,22,8,54,2,2,,,,
2008,Washington,292,84,4,1,63,3,1,5,1,,6,,5,48,23,138,51,10,18,28,1,60,76,14,139,,2,,1,,
2008,West Virginia,40,21,,,15,2,,,,,4,,,2,1,15,4,,5,4,1,4,4,12,18,,1,,1,,
2008,Wisconsin,90,39,,,34,,,3,,,2,,,10,9,40,8,1,4,4,1,18,23,22,26,,,,1,,
2008,Wyoming,13,2,,,1,1,,,,,,,,,,9,1,,,2,,2,5,,6,,,,,,
2008,Total,"10,782","3,670",87,8,"2,965",143,10,63,11,10,322,51,277,"1,407",860,"4,668","1,906",359,"1,181",629,46,"1,790","2,056","1,236","5,068",41,295,16,28,1,0
2009,Alabama,120,64,,,52,5,,,,,7,,5,9,7,51,19,,19,4,2,33,10,36,39,,,,,2,
2009,Alaska,12,2,,,,,,2,,,,,,,,6,5,1,,,,,6,1,5,,,,,,
2009,Arizona,208,53,1,,38,1,1,2,,1,9,,2,29,20,99,22,10,20,24,,26,42,26,111,,2,,,,
2009,Arkansas,124,68,,,62,3,,,,,3,,,2,1,47,8,3,14,9,,11,34,33,45,,1,,,,
2009,California,"1,100",249,13,1,206,6,2,1,,,17,3,3,110,63,549,227,11,70,84,1,114,313,102,521,,42,,1,,
2009,Colorado,99,26,1,,20,1,,,,,4,,4,18,10,56,9,2,7,13,,4,14,10,66,,3,,,,
2009,Connecticut,124,37,,,30,3,,,,,1,3,4,21,12,47,26,2,4,6,2,31,30,12,35,1,8,1,1,,
2009,Delaware,20,6,,,3,1,,,,,1,1,,1,1,11,2,,4,1,,1,5,6,7,,1,,,,
2009,District of Columbia,32,10,,,8,,,,,,2,,,3,2,14,4,1,1,5,,2,8,3,16,,2,,,,
2009,Florida,730,205,1,,168,13,1,,,,19,3,17,128,91,376,89,24,54,38,1,126,110,56,383,,33,,1,,
2009,Georgia,210,121,1,,105,2,,,1,,11,1,11,20,12,94,29,6,52,9,,82,17,23,87,,1,,,,
2009,Guam,1,1,,,,,1,,,,,,,,,,,,,,,1,,,,,,,,,
2009,Hawaii,48,8,,,5,,3,,,,,,,7,4,24,14,2,5,11,,6,13,4,19,,,,,,
2009,Idaho,88,1,1,,,,,,,,,,1,5,1,75,6,,,6,,25,33,8,21,,,,,,1
2009,Illinois,330,133,3,,115,5,,2,,,6,2,4,57,38,135,38,7,32,22,,66,14,79,151,5,1,,,,
2009,Indiana,235,108,,,96,6,,,,,5,1,3,15,9,79,44,1,41,8,,22,46,26,134,,3,,,,
2009,Iowa,219,90,1,,78,4,,2,1,,3,1,5,20,15,85,27,2,27,19,2,22,49,12,123,,5,,2,,
2009,Kansas,112,44,2,,36,2,,2,,,2,,2,19,13,38,21,1,8,6,,15,32,17,44,,1,,,,
2009,Kentucky,102,27,,,22,2,,,,,3,,1,12,12,48,14,3,9,10,,21,12,5,54,,2,,,,
2009,Louisiana,135,82,,,65,2,,2,2,,9,2,1,7,6,41,20,1,12,5,,13,40,3,63,4,7,,,,1
2009,Maine,69,5,,,2,1,,1,,,1,,1,2,1,42,12,3,10,3,,8,21,7,26,1,6,,,,
2009,Maryland,69,22,,,20,,,,,,2,,,8,5,29,10,4,3,3,,10,3,7,48,,,,,,
2009,Massachusetts,265,66,3,,56,4,,,,,3,,11,42,20,109,63,6,7,15,5,14,15,31,156,2,39,,5,,
2009,Michigan,497,183,1,,155,10,,4,1,,12,,4,39,20,177,128,8,34,22,2,38,73,103,202,,9,1,1,,
2009,Minnesota,97,42,1,,31,2,,2,,2,2,2,6,14,7,43,7,1,8,7,2,21,22,19,33,,,,2,,
2009,Mississippi,65,27,,,16,1,,,,,5,5,,6,6,40,18,2,14,2,4,18,3,18,22,,,1,3,,
2009,Missouri,305,110,1,,95,3,,1,1,,9,,,20,10,136,30,6,49,20,2,42,51,47,151,5,3,,2,,
2009,Montana,5,1,,,1,,,,,,,,,,,4,,,,,,,,2,3,,,,,,
2009,Nebraska,117,27,,,20,1,,2,1,,2,1,3,20,12,60,13,4,12,14,,10,28,4,68,,5,,,,
2009,Nevada,70,19,,,18,,,,,,1,,,3,1,40,13,2,6,8,2,11,15,9,33,,,,2,,
2009,New Hampshire,27,3,1,,1,,,,,,1,,1,7,6,12,7,,,,1,8,5,4,9,,,,1,,
2009,New Jersey,205,64,1,,51,2,,,,,8,2,,23,13,113,29,6,27,4,1,33,23,33,99,,7,1,,,
2009,New Mexico,35,7,,,4,,,1,,,2,,,2,2,27,2,1,3,1,,5,10,7,13,,,,,,
2009,New York,848,282,8,,189,9,,5,1,1,49,20,109,195,119,426,215,68,180,93,10,102,81,93,492,,44,6,4,,
2009,North Carolina,182,80,,,63,3,,,1,,12,1,4,35,29,65,23,5,26,3,,34,32,23,85,1,,,,,
2009,North Dakota,50,6,,,3,,,3,,,,,2,1,,29,14,1,1,5,,1,30,1,14,,2,,,,
2009,Ohio,696,210,1,1,169,14,,,1,,22,2,12,39,22,212,258,7,60,29,4,156,137,54,215,,21,2,2,,
2009,Oklahoma,117,36,,,26,3,,2,,,5,,,4,3,59,33,1,5,2,,14,27,8,65,,3,,,,
2009,Oregon,89,17,1,,12,,,2,,1,1,,3,9,2,59,16,3,4,14,,10,23,10,40,,2,,,,1
2009,Pennsylvania,244,83,1,,72,4,,1,,,4,1,2,27,20,100,35,5,32,6,3,27,88,18,96,,,3,,,
2009,Puerto Rico,18,,,,,,,,,,,,,1,1,16,1,,1,,,2,14,,2,,,,,,
2009,Rhode Island,54,15,,,10,3,1,,,,1,,8,6,5,25,8,1,1,3,1,5,6,14,24,,4,,1,,
2009,South Carolina,84,44,,,33,6,,,1,,4,,6,11,8,28,12,1,18,4,,20,15,3,44,,2,,,,
2009,South Dakota,15,5,,,4,,,1,,,,,,,,2,6,1,2,1,3,,6,,6,,,,3,,
2009,Tennessee,153,54,,,40,5,,1,,,8,,5,27,23,69,30,6,21,3,,41,27,6,76,,,,,,
2009,Texas,"1,036",331,3,,271,7,,3,,1,40,6,3,165,130,461,156,32,93,67,,115,298,199,416,1,,,,,
2009,Utah,40,4,,,1,,,3,,,,,,5,4,19,7,3,2,7,,2,6,7,19,1,2,,,,
2009,Vermont,33,2,,,2,,,,,,,,1,3,2,22,4,,2,1,,4,13,,14,,2,,,,
2009,Virginia,152,49,3,2,35,2,,,,,4,3,1,25,11,59,26,10,10,9,,16,41,3,72,,2,,,,
2009,Washington,237,52,1,,41,,,1,,,6,3,4,43,25,136,20,7,21,26,1,31,56,6,143,,,1,,,
2009,West Virginia,63,23,,,19,2,,,,,1,1,,4,4,21,9,1,8,8,1,5,17,8,29,,1,,,,
2009,Wisconsin,111,46,,,44,1,,,,,,1,5,10,8,52,16,3,11,4,2,26,27,20,35,1,,1,1,,
2009,Wyoming,13,1,,,1,,,,,,,,,3,2,7,2,,1,2,,,4,2,7,,,,,,
2009,Total,"10,110","3,251",50,4,"2,614",139,9,46,11,6,307,65,254,"1,282",838,"4,574","1,847",275,"1,051",666,52,"1,450","2,045","1,228","4,681",22,266,17,32,2,3
2010,Alabama,109,64,1,,52,4,,,,,7,,2,5,4,37,11,1,30,1,1,33,12,26,37,,,,1,,
2010,Alaska,6,3,,,3,,,,,,,,,,,3,,,,,,2,1,2,1,,,,,,
2010,Arizona,218,50,,,39,2,,4,2,,3,,,40,26,126,15,5,13,21,,18,23,30,143,,4,,,,
2010,Arkansas,196,119,,,105,2,2,,,,10,,,12,9,54,14,,21,12,,25,39,26,103,,1,,,,
2010,California,"1,047",234,9,1,196,4,,2,,1,18,3,7,148,88,510,204,29,86,144,4,106,304,75,511,7,35,1,3,,
2010,Colorado,109,27,1,,26,,,,,,,,4,7,6,65,11,6,8,24,,4,1,16,80,,4,,,,
2010,Connecticut,107,22,1,,18,2,,,,,1,,3,14,7,62,15,2,2,1,2,11,44,13,33,,3,1,1,,
2010,Delaware,23,5,,,4,,,,,,1,,1,4,3,14,4,,2,,,,10,7,4,,1,,,,
2010,District of Columbia,24,7,,,7,,,,,,,,,2,2,13,4,1,3,2,,2,8,,13,,1,,,,
2010,Florida,723,200,4,,162,11,,1,1,,19,2,8,120,77,399,100,25,94,33,7,119,96,66,393,,22,,7,,
2010,Georgia,258,158,2,,144,3,,1,,,7,1,7,22,10,103,42,8,42,5,,128,20,28,82,,,,,,
2010,Guam,1,1,,,,,1,,,,,,,,,,,,,,,,,,,,,,,,
2010,Hawaii,44,13,,,6,,1,,1,,5,,1,6,1,29,2,1,2,9,,8,5,5,23,,,,,,
2010,Idaho,103,3,,,2,1,,,,,,,,15,8,83,14,2,6,4,,20,37,23,20,,,,,,3
2010,Illinois,385,170,2,,154,2,,1,,,11,,5,53,25,128,49,13,50,26,4,66,20,96,184,1,1,,4,,
2010,Indiana,243,115,1,,98,9,,,,,7,,,19,13,94,32,1,51,10,,26,38,35,126,,3,,,,
2010,Iowa,287,81,,,61,6,,1,,,11,2,2,17,12,154,31,7,27,13,1,28,129,15,107,,4,1,,,
2010,Kansas,139,45,,,40,1,,1,,1,2,,,19,17,65,11,1,17,2,,30,34,18,56,,,,,,
2010,Kentucky,122,44,1,,30,6,,,,,5,2,3,13,6,55,18,4,24,4,,20,25,5,64,1,1,,,,
2010,Louisiana,203,119,,,91,4,,,,,23,1,2,11,7,59,39,4,25,8,,9,80,16,78,2,9,,,,1
2010,Maine,48,11,,,6,1,,3,,,,1,1,4,1,22,11,,3,4,,8,11,3,26,,,,,,
2010,Maryland,84,25,,,24,,,,,,1,,,5,2,40,14,5,7,5,,12,3,5,63,,,,,,
2010,Massachusetts,251,46,1,,35,5,,,,,4,1,3,38,19,102,72,7,7,12,,15,20,35,129,1,44,,,,
2010,Michigan,419,162,1,,129,16,,1,1,2,12,,,33,12,175,84,13,30,23,2,47,62,46,226,,,,2,,
2010,Minnesota,102,31,,,22,6,,2,,,1,,1,11,8,55,14,1,12,3,,38,27,16,21,,,,,,
2010,Mississippi,81,34,,,29,2,,1,,,2,,,3,3,34,15,,13,3,,17,10,15,37,2,,,,,
2010,Missouri,423,143,2,1,110,4,,1,,2,23,,1,24,6,211,32,14,49,28,,72,72,67,190,,3,,,,
2010,Montana,18,4,,,,,,3,1,,,,,,,10,4,1,,,,,3,5,10,,,,,,
2010,Nebraska,152,44,,,26,2,,3,2,1,10,,6,25,17,76,16,3,22,20,1,20,41,4,78,,3,,1,,
2010,Nevada,58,16,,,14,,1,,,,1,,2,9,4,35,4,2,4,10,1,12,11,4,30,,,1,,,
2010,New Hampshire,33,5,,,5,,,,,,,,,2,2,17,9,,1,,1,5,16,1,10,,,1,,,
2010,New Jersey,191,71,1,,61,1,,1,,,7,,,30,14,98,17,15,19,11,1,26,13,31,113,,5,1,,,
2010,New Mexico,31,12,,,5,,,3,,,4,,,8,8,12,3,3,3,,,3,8,8,12,,,,,,
2010,New York,675,231,4,,138,7,1,4,4,2,48,23,106,135,71,385,130,66,146,92,6,89,58,71,382,2,45,,1,,
2010,North Carolina,255,125,1,,102,7,,1,,,11,3,4,43,34,82,50,5,41,5,1,36,60,33,112,,,,1,,
2010,North Dakota,32,5,1,,2,,,1,1,,,,2,3,1,25,3,,,2,,8,13,,10,,,,,,
2010,Ohio,598,174,,,143,8,,3,5,2,12,1,5,43,27,255,138,8,75,36,5,78,145,72,200,2,8,,5,,
2010,Oklahoma,111,40,,,32,1,,3,,,4,,,3,2,61,14,1,11,4,,12,15,10,74,,,,,,
2010,Oregon,121,22,1,1,15,1,1,1,,,1,1,2,16,8,67,23,2,11,19,,19,28,4,63,,4,,,,
2010,Pennsylvania,269,83,3,1,69,4,,,,,6,,1,21,13,125,42,8,23,9,7,28,78,31,104,,2,3,4,,1
2010,Puerto Rico,40,3,,,,1,,,,,2,,,5,5,36,5,,6,,,2,30,2,6,,,,,,
2010,Rhode Island,52,14,,,13,,,,1,,,,8,16,13,23,2,,3,6,,5,7,9,26,,5,,,,
2010,South Carolina,76,34,,,29,2,,1,,,1,1,,7,2,27,8,3,12,7,,13,13,1,48,1,,,,,
2010,South Dakota,14,8,,,4,,,4,,,,,,,,5,1,,,,1,2,5,,6,,,,1,,
2010,Tennessee,160,75,3,,61,2,,1,,,5,3,6,17,8,62,23,11,31,22,,30,38,8,81,,1,,,,
2010,Texas,"1,001",423,4,,362,12,1,,,1,38,5,5,145,106,440,121,26,87,75,2,114,211,234,426,1,3,2,,,1
2010,Utah,45,5,1,,4,,,,,,,,,8,7,29,2,2,2,6,,4,5,8,26,,1,,,,
2010,Vermont,27,5,1,,3,1,,,,,,,1,2,1,17,5,,3,3,,3,16,3,5,,,,,,
2010,Virgin Islands,1,,,,,,,,,,,,,,,1,,,,,,,,1,,,,,,,
2010,Virginia,142,55,2,,49,1,,,,,,3,5,21,7,53,24,5,30,4,1,26,41,2,60,,,,1,,
2010,Washington,286,77,3,,64,2,1,2,1,1,2,1,2,33,21,167,29,7,20,45,,32,67,12,169,,2,,,,1
2010,West Virginia,53,19,,,14,1,,1,,,3,,,4,2,26,4,,7,9,,7,14,5,25,,,,,,
2010,Wisconsin,124,53,,,46,3,,1,1,,2,,,6,5,48,29,2,18,5,10,30,21,30,33,,,2,8,,
2010,Wyoming,6,1,,,1,,,,,,,,,1,1,4,,,1,,,1,,2,3,,,,,,
2010,Total,"10,326","3,536",51,4,"2,855",147,9,52,21,13,330,54,206,"1,248",751,"4,878","1,564",320,"1,200",787,58,"1,469","2,088","1,280","4,862",20,215,13,40,0,7
2011,Alabama,54,20,,,16,2,,,1,,,1,1,3,1,28,4,2,2,6,,7,21,11,14,,,,,,1
2011,Alaska,10,2,,,1,,,1,,,,,,1,1,5,1,1,1,1,,5,,,3,,,,,,2
2011,Arizona,211,53,2,1,41,1,,2,,,6,,1,24,13,127,12,7,15,20,,16,30,33,129,,1,,,,
2011,Arkansas,204,118,,,100,7,,,,,10,1,,9,7,56,19,,19,10,,55,31,36,76,,1,,,,
2011,California,861,148,8,,121,2,,2,,,13,2,4,103,68,467,176,12,74,180,,89,230,76,431,1,23,,,,1
2011,Colorado,113,32,,,28,1,,,1,,2,,1,14,11,66,6,5,12,29,,2,4,7,92,,5,,,,
2011,Connecticut,84,24,,,19,1,,,1,,2,1,4,9,7,56,3,,2,4,2,10,27,8,28,,7,,2,,
2011,Delaware,26,13,1,,11,,,1,,,,,,1,,15,1,,2,,,1,11,7,4,,3,,,,
2011,District of Columbia,27,7,1,,5,,,,,,1,,,4,1,17,,2,1,1,,3,11,,12,,,,,,
2011,Florida,478,131,,,110,5,,3,1,2,10,,15,91,60,247,57,13,42,28,1,66,81,38,254,,18,,1,,
2011,Georgia,101,43,2,,32,3,,,,,6,,2,16,11,38,12,5,15,6,2,19,11,14,54,1,,,1,,
2011,Hawaii,45,9,3,,2,,2,,,,2,,3,8,,32,4,,3,13,,1,10,7,24,,,,,,
2011,Idaho,101,7,,,7,,,,,,,,2,8,1,67,29,5,1,3,,33,38,17,10,,,,,,3
2011,Illinois,319,130,3,,118,3,,,,,6,,2,39,25,127,37,15,34,14,,47,24,84,145,5,,,,,
2011,Indiana,212,85,1,,67,7,,,,,8,2,1,20,8,89,24,5,29,8,,14,23,21,134,,1,,,,
2011,Iowa,226,71,3,,61,3,,2,,,1,1,3,22,13,94,33,3,32,10,,33,91,9,80,,10,,,,
2011,Kansas,92,32,1,1,25,,,2,,,3,,,15,13,33,12,,7,6,,12,24,20,36,,,,,,
2011,Kentucky,126,44,,,38,3,,,,1,2,,2,8,6,53,21,2,21,9,,19,22,1,69,,,,,,
2011,Louisiana,183,107,,1,94,1,,,,,11,,,6,3,71,20,3,20,9,,29,53,16,73,3,2,,,,1
2011,Maine,56,9,,,8,1,,,,,,,1,,,27,14,3,6,2,,7,16,5,22,,6,,,,
2011,Maryland,85,29,2,,26,,,,,,1,,2,6,1,50,13,,2,6,,13,10,16,44,,,,,,1
2011,Massachusetts,240,43,3,,30,5,,,,,4,1,4,41,35,93,70,1,7,10,3,8,14,35,110,,64,2,1,,
2011,Michigan,326,105,3,,95,,,1,,,6,,4,17,11,152,51,4,24,23,,10,62,32,206,,,,,,
2011,Minnesota,74,25,1,,23,,,1,,,,,2,9,,42,14,4,7,1,4,29,13,13,15,,,3,1,,
2011,Mississippi,24,11,,,9,,,,,,2,,1,,,9,3,,4,2,1,7,4,3,9,,,,1,,
2011,Missouri,314,136,1,,119,6,,,1,,8,1,,30,13,127,29,10,37,24,1,47,62,55,137,2,1,1,,,
2011,Montana,19,2,,,,,,2,,,,,,,,11,8,1,,1,1,,14,1,3,,,,1,,
2011,Nebraska,155,49,,1,38,2,,4,1,,3,,10,19,12,74,24,1,15,22,,18,58,4,71,,2,,,,
2011,Nevada,34,5,,,5,,,,,,,,,3,2,22,6,1,1,10,2,4,11,6,11,,,,2,,
2011,New Hampshire,25,1,,,1,,,,,,,,1,2,,18,5,,,2,2,2,6,3,12,,,1,1,,
2011,New Jersey,196,67,1,,56,1,,,1,2,4,2,1,45,25,109,26,11,31,4,,30,41,24,97,,1,,,,
2011,New Mexico,56,9,,,3,,,1,1,,4,,,10,7,37,6,1,5,2,1,11,12,9,23,,,,1,,
2011,New York,638,227,21,,152,3,1,2,1,,33,14,70,127,57,376,116,46,146,94,,74,55,73,358,,46,,,,1
2011,North Carolina,235,83,1,,73,4,,,,1,4,,1,64,58,82,43,1,16,5,,17,66,16,101,,2,,,,
2011,North Dakota,31,2,,,1,,,1,,,,,1,3,1,22,5,1,,8,,3,10,5,12,,,,,,
2011,Ohio,507,127,1,,106,8,,,,,11,1,3,23,9,212,158,8,47,24,4,67,108,46,187,,8,,3,,1
2011,Oklahoma,124,51,,,39,2,,2,2,,6,,,6,4,59,36,4,16,4,,24,19,14,66,,1,,,,
2011,Oregon,130,27,,1,22,,,2,,1,1,,2,20,15,75,21,3,5,23,,24,24,3,65,,7,,,,
2011,Pennsylvania,201,62,2,,52,4,,,,,4,,,18,9,95,19,2,22,14,7,16,53,18,93,2,4,4,3,,
2011,Puerto Rico,47,4,,,1,1,,,,,2,,,5,4,44,5,,9,,1,5,22,4,15,,,,,,
2011,Rhode Island,48,7,,,6,1,,,,,,,7,13,12,25,7,,2,5,,8,9,12,17,,1,,,,
2011,South Carolina,59,24,,,18,4,,,,1,1,,,9,9,25,3,3,5,1,,9,20,3,27,,,,,,
2011,South Dakota,6,3,,,1,,,2,,,,,,,,3,1,,1,1,,1,,1,4,,,,,,
2011,Tennessee,120,43,1,,30,5,,,,,5,2,8,10,6,61,10,6,20,13,1,11,33,8,62,,1,,1,,
2011,Texas,"1,180",478,5,1,408,7,,1,1,1,51,3,6,190,151,518,147,14,146,101,,128,229,325,485,3,3,,,,1
2011,Utah,59,,,,,,,,,,,,1,3,1,32,18,1,3,10,2,6,4,7,39,,,1,1,,
2011,Vermont,23,3,,,2,1,,,,,,,,,,17,3,1,2,3,,1,13,,5,,4,,,,
2011,Virgin Islands,2,1,,,,,,,,,1,,1,,,,,,,,,1,,1,,,,,,,
2011,Virginia,101,33,5,,24,2,1,,1,,,,2,17,5,44,15,5,7,3,,9,28,3,51,,,,,,
2011,Washington,275,70,4,,56,,1,1,,,6,2,,15,6,169,28,10,19,39,1,45,64,13,145,1,1,,1,,2
2011,West Virginia,44,15,,,12,2,,,,,1,,,1,1,15,7,,9,9,,3,7,5,24,,,,,,
2011,Wisconsin,97,23,,,21,1,,,,,1,,2,11,8,46,22,1,9,3,1,22,22,29,23,,,1,,,
2011,Wyoming,9,1,,,1,,,,,,,,,2,2,5,2,,,2,1,2,5,,1,,,1,,,
2011,Total,"9,013","2,851",76,6,"2,334",99,5,33,13,9,242,34,171,"1,120",713,"4,384","1,406",223,955,828,38,"1,123","1,856","1,197","4,208",18,223,14,21,0,14
2012,Alabama,47,15,,,14,1,,,,,,,1,8,8,21,7,1,5,5,,7,23,6,10,1,,,,,
2012,Alaska,2,2,1,,1,,,,,,,,,,,,,,,,,,,,2,,,,,,
2012,Arizona,211,53,2,,41,2,,2,,,6,,3,31,23,123,12,4,16,26,,13,30,32,133,,1,,,,
2012,Arkansas,128,56,2,,43,1,,2,,,8,,4,2,1,62,15,,14,4,,13,15,24,72,,,,,,
2012,California,"1,004",170,9,,143,1,,2,,,14,1,9,125,82,552,193,14,100,245,7,136,212,102,506,,27,,7,,11
2012,Colorado,134,23,,,15,4,,1,,,2,1,,10,6,85,11,4,17,30,,5,9,17,100,,2,,,,
2012,Connecticut,96,21,2,,18,,,,,,1,,2,10,6,60,17,1,9,3,,6,38,9,37,,6,,,,
2012,Delaware,28,10,,,10,,,,,,,,,3,1,13,2,2,8,1,,4,5,8,10,,1,,,,
2012,District of Columbia,27,5,,,3,,,,1,,,1,1,6,1,14,1,,3,4,,,12,3,12,,,,,,
2012,Florida,505,109,,,89,9,,,,1,7,3,16,112,78,263,62,17,41,61,,58,83,58,270,1,16,,,,1
2012,Georgia,97,54,2,,43,4,,,,,4,1,7,27,9,27,13,,12,14,,12,22,9,48,,,,,,2
2012,Hawaii,44,9,,,5,,,,,,4,,4,7,1,21,9,1,8,16,,6,8,6,18,,,,,,
2012,Idaho,65,1,,,1,,,,,,,,,7,5,44,14,1,5,,,5,32,6,20,,,,,,2
2012,Illinois,332,120,4,,109,4,,,,,3,,6,53,26,127,38,14,34,32,1,35,26,72,171,8,2,,1,,
2012,Indiana,187,60,3,,49,2,,1,,,5,,1,17,8,83,17,,26,19,,17,29,22,101,1,6,,,,
2012,Iowa,272,66,4,,50,6,,2,2,1,1,,2,27,15,114,41,,45,17,,30,111,12,105,,9,,,,
2012,Kansas,94,27,,,23,,,,,1,3,,,13,10,44,10,1,7,9,1,13,36,11,33,,,,1,,
2012,Kentucky,119,37,1,,32,,,1,,,3,,,11,5,50,19,3,23,10,2,19,17,5,61,1,,,2,,
2012,Louisiana,92,49,,,47,,,,,1,1,,2,1,1,38,11,1,7,6,,19,17,10,40,,,,,,3
2012,Maine,46,9,,,5,2,,1,,,1,,,4,,23,9,4,9,8,,4,15,7,18,,2,,,,
2012,Maryland,74,17,,,16,,,,,,,1,1,3,2,46,7,2,5,10,1,4,1,22,44,,1,,1,,
2012,Massachusetts,261,59,3,,43,3,1,,,,7,2,1,33,17,127,56,6,54,12,1,10,41,30,135,1,39,1,,,
2012,Michigan,324,114,,1,101,9,,,,,3,,2,19,8,145,44,7,35,21,,13,46,43,214,,,,,,
2012,Minnesota,75,21,,,14,3,,2,1,,1,,2,2,1,39,14,,14,4,5,22,11,8,28,,,3,2,,
2012,Mississippi,29,8,,,7,1,,,,,,,1,,,11,6,,7,3,,7,7,1,14,,,,,,
2012,Missouri,379,125,1,,111,8,,,1,,4,,1,21,9,184,38,10,48,39,1,58,92,56,156,,5,1,,,
2012,Montana,15,2,,,,,,2,,,,,,,,9,2,,3,1,2,4,9,,,,,,2,,
2012,Nebraska,155,51,,,44,,,1,1,,5,,2,16,13,68,22,5,10,20,1,20,55,3,66,,4,,1,,
2012,Nevada,63,6,,,5,,,,,,1,,,6,5,52,4,2,4,19,2,10,22,5,24,,,,2,,
2012,New Hampshire,37,5,,,4,,,,,,1,,2,6,4,7,17,,1,4,3,1,13,2,18,,,2,1,,
2012,New Jersey,167,50,,,44,,,1,,,5,,2,31,16,89,27,9,12,7,,23,31,25,84,,1,,,,3
2012,New Mexico,47,11,,,8,,1,1,,,,1,,10,8,24,4,1,6,2,,17,9,6,15,,,,,,
2012,New York,531,179,8,,116,6,,2,3,2,32,10,42,111,69,306,94,55,135,66,3,69,40,57,307,,40,,3,,2
2012,North Carolina,166,53,,,45,1,,1,,,4,1,5,42,33,55,32,2,17,22,,18,60,16,66,,,,,,1
2012,North Dakota,36,6,,,1,,,2,,1,2,,1,,,26,3,,1,7,,1,15,2,17,,,,,,
2012,Ohio,478,130,,,114,5,,1,,,9,1,4,22,8,232,89,14,53,33,1,58,129,48,164,,5,,,,31
2012,Oklahoma,86,26,,,22,,,,,1,3,,,7,5,50,18,2,7,2,1,27,22,6,30,,,,,,
2012,Oregon,99,16,1,,15,,,,,,,,1,8,7,68,12,,5,18,,11,13,5,56,,3,,,,
2012,Pennsylvania,246,66,1,,57,4,,,,,3,,1,25,15,125,24,7,20,21,3,19,62,33,116,,,2,1,,
2012,Puerto Rico,40,2,,,1,,,,,,1,,,2,1,37,5,1,8,,,1,27,2,10,,,,,,
2012,Rhode Island,42,12,,,8,,,1,,,3,,7,5,4,23,3,,5,6,,4,11,1,21,,4,,,,
2012,South Carolina,61,25,,,21,2,,,,,2,,2,7,5,24,4,2,8,3,,16,16,7,22,,,,,,
2012,South Dakota,8,1,,,,,,,,,,1,,1,,4,2,,1,1,1,1,5,,1,,,,,,
2012,Tennessee,97,45,,,35,2,,4,,1,3,,3,9,5,50,8,2,17,12,,6,42,6,37,1,,,,,
2012,Texas,969,356,2,,311,10,,1,,,28,4,9,148,102,440,100,18,136,65,2,113,184,272,390,2,2,,2,,
2012,Utah,77,11,2,,8,,,1,,,,,,20,13,37,12,3,11,15,,3,17,11,45,,1,,,,
2012,Vermont,29,2,,,2,,,,,,,,,1,,23,3,,4,,,5,17,2,5,,,,,,
2012,Virgin Islands,3,,,,,,,,,,,,,,,3,,,1,,,,,,3,,,,,,
2012,Virginia,81,18,2,,16,,,,,,,,5,16,5,38,8,1,8,6,,3,16,2,52,,,,,,
2012,Washington,205,40,3,,23,3,1,5,,3,2,,,29,16,132,18,11,14,24,,20,53,7,121,,1,,,,
2012,West Virginia,36,7,,,4,,,,,,2,1,2,2,1,15,6,1,10,9,1,2,9,3,15,,,,1,,
2012,Wisconsin,79,20,1,,17,1,,1,,,,,,7,4,41,18,2,11,2,,19,20,23,17,,,,,,
2012,Wyoming,9,2,,,1,,,1,,,,,,1,1,6,1,,1,1,,,7,,2,,,,,,
2012,Total,"8,534","2,382",54,1,"1,955",94,3,39,9,12,184,29,154,"1,084",663,"4,300","1,202",231,"1,061",965,39,987,"1,842","1,123","4,062",16,178,9,27,0,56
2013,Alabama,54,16,,,16,,,,,,,,,4,2,29,8,1,6,14,,2,21,3,28,,,,,,
2013,Arizona,237,49,2,,43,,,,1,,3,,1,23,14,149,16,3,17,30,,18,20,30,165,,2,,,,
2013,Arkansas,112,44,1,,36,1,,3,,,3,,1,7,7,60,8,,18,10,,17,17,16,52,,,,,,
2013,California,897,155,10,1,123,4,,1,1,,11,2,10,113,84,494,163,14,76,166,2,124,191,109,418,,7,1,1,,27
2013,Colorado,143,35,1,,30,,,,,,3,1,1,16,9,87,13,3,17,37,,6,7,21,104,,3,,,,
2013,Connecticut,119,22,2,,17,1,,,,,1,1,6,15,10,78,18,2,10,11,,9,56,7,33,,10,,,,
2013,Delaware,23,9,,,7,,,,,,2,,,2,2,11,3,1,5,,,1,7,6,8,,,,,,1
2013,District of Columbia,27,7,1,,6,,,,,,,,,3,2,12,2,,5,3,,,13,3,10,,,,,,
2013,Florida,536,98,4,,86,5,,,,,3,,22,125,83,273,79,13,38,86,,35,90,64,308,2,14,,,,4
2013,Georgia,96,51,,,49,,,1,,,1,,4,14,8,29,11,,10,27,2,4,21,6,62,,,,2,,
2013,Guam,1,,,,,,,,,,,,,,,,,,1,,,1,,,,,,,,,
2013,Hawaii,45,7,,,2,1,1,,,,3,,2,2,,31,6,1,3,10,,4,8,2,26,,,,,,
2013,Idaho,57,6,,,6,,,,,,,,4,5,,30,8,,8,2,,8,25,6,8,,,,,,10
2013,Illinois,383,158,3,,144,3,,,,1,5,2,6,61,37,143,42,10,35,23,,64,20,112,169,,,,,,1
2013,Indiana,225,92,1,,80,6,,,,,3,1,,17,13,109,15,2,38,11,1,16,36,14,146,,3,,1,,
2013,Iowa,222,44,1,,38,,,1,,,4,,1,14,6,133,23,4,18,9,,15,125,14,65,,1,,,,
2013,Kansas,63,20,,,17,,,2,,,1,,,8,7,30,7,,5,6,1,6,35,5,16,,,,1,,
2013,Kentucky,111,31,,,24,7,,,,,,,,7,7,53,12,2,13,15,,12,25,9,51,,,,,,
2013,Louisiana,97,46,,,34,1,,,,,11,,2,4,3,46,19,2,4,4,,21,14,11,48,,,,,,1
2013,Maine,54,12,,,11,,,,,,1,,2,7,,28,9,3,8,5,,3,19,14,15,,2,,,,
2013,Maryland,74,24,1,,22,,,,,,1,,1,8,5,43,6,2,3,14,,9,11,21,33,,,,,,
2013,Massachusetts,322,85,5,,68,1,,3,,,5,2,8,61,31,148,68,13,63,30,1,18,45,20,166,1,60,,,,
2013,Michigan,375,122,,,107,4,,2,,,8,1,4,23,9,221,30,10,32,14,,10,66,44,235,1,1,,,,
2013,Minnesota,77,30,1,,28,1,,,,,,,4,9,3,44,10,3,11,8,3,15,15,10,33,,,,1,,1
2013,Mississippi,17,9,,,8,,,,,,1,,1,,,7,1,1,1,3,,2,6,,9,,,,,,
2013,Missouri,325,109,,,97,4,,1,,,6,1,1,8,4,151,26,6,58,28,1,48,92,26,147,,,,1,,1
2013,Montana,15,2,,,,,,2,,,,,,1,1,11,1,,2,1,3,4,5,2,1,,,,1,,
2013,Nebraska,120,38,2,,29,1,,2,1,,2,1,2,20,12,55,20,1,15,11,,13,46,6,53,,2,,,,
2013,Nevada,49,9,,,9,,,,,,,,,1,1,38,6,,3,17,,8,19,3,19,,,,,,
2013,New Hampshire,18,1,,,1,,,,,,,,1,,,9,3,,3,3,1,,10,2,4,1,,,1,,
2013,New Jersey,101,30,,,27,,,,,,3,,2,9,8,60,10,2,16,3,,15,14,16,51,,,,,,5
2013,New Mexico,41,12,,,8,1,,1,,1,1,,,5,5,28,2,5,1,3,1,15,6,2,17,,,,1,,
2013,New York,532,188,6,,130,3,,2,4,1,26,14,43,112,53,324,112,60,124,63,4,40,50,55,329,,28,1,3,,14
2013,North Carolina,146,52,,,44,3,,1,,,3,1,1,30,26,49,25,2,22,9,,10,48,11,69,1,,,,,2
2013,North Dakota,36,12,,,7,,,5,,,,,3,2,,21,3,,1,3,,3,12,2,17,,,,,,
2013,Ohio,483,121,3,,103,3,,,,,9,1,12,22,10,264,96,15,49,40,,50,131,66,190,,1,,,,3
2013,Oklahoma,61,18,,,16,,,1,,,1,,1,3,3,43,11,1,5,,,15,15,8,22,,,,,,1
2013,Oregon,91,14,1,,10,2,,1,,,,,1,7,5,60,11,2,8,11,,6,28,4,46,,,,,,
2013,Pennsylvania,161,34,1,,29,2,,,,,2,,,6,5,95,24,4,14,17,1,21,26,41,66,,,,1,,1
2013,Puerto Rico,47,3,,,,,,,,,2,1,,4,4,45,4,1,11,1,,2,30,6,9,,,,,,
2013,Rhode Island,48,11,,,9,1,,,,,1,,11,7,5,26,7,,7,,,4,6,4,30,,4,,,,
2013,South Carolina,82,25,,1,21,1,,,,,2,,1,11,6,29,18,1,7,18,,9,27,1,40,,3,,,,
2013,South Dakota,21,3,,,1,,,2,,,,,,,,16,1,,2,6,3,2,12,1,3,,,2,,,
2013,Tennessee,106,55,1,,39,5,,,1,1,6,,2,10,1,54,11,5,18,26,,10,56,4,34,,,,,,1
2013,Texas,860,324,5,,274,2,,2,1,,39,1,4,116,88,414,116,18,86,70,2,83,170,224,360,3,2,1,,,10
2013,Utah,73,10,1,1,6,1,,,,,1,,,12,8,41,11,3,5,8,,1,15,9,37,,4,,,,
2013,Vermont,15,1,,,1,,,,,,,,,,,11,3,,,,,3,5,1,3,,3,,,,
2013,Virgin Islands,3,1,,,,,,,,,1,,,,,2,,,,,,,1,,2,,,,,,
2013,Virginia,82,24,1,,22,,,,,,1,,3,6,2,46,11,1,4,5,,11,19,4,43,,,,,,
2013,Washington,230,61,4,,48,,,2,2,,3,2,1,26,14,130,24,6,25,21,,20,48,12,144,,5,,,,
2013,West Virginia,35,10,,,8,1,,,1,,,,,1,,20,1,2,6,4,4,5,4,3,18,,,,4,,
2013,Wisconsin,73,19,,,15,1,,1,,,2,,,4,2,49,11,,8,7,2,19,12,20,19,1,,,2,,
2013,Wyoming,9,3,,,1,,,1,,,1,,1,1,,6,2,,,,,6,2,1,,,,,,,
2013,Total,"8,230","2,362",58,3,"1,957",66,1,37,12,4,182,32,170,972,605,"4,385","1,147",225,945,913,32,843,"1,802","1,081","3,981",10,155,5,20,0,83
2014,Alabama,38,15,,,14,1,,,,,,,1,3,1,15,4,,6,7,,3,13,2,19,,,,,,1
2014,Alaska,5,1,,,1,,,,,,,,,,,3,,,,,,1,1,,3,,,,,,
2014,Arizona,213,48,1,,40,1,,1,,,5,,,23,16,131,13,5,12,32,,12,21,34,143,,,,,,1
2014,Arkansas,221,67,,,56,1,,1,2,,7,,,17,12,106,22,6,26,24,,53,29,26,112,,,,,,
2014,California,"1,012",179,4,,138,10,,2,1,,17,5,24,143,102,563,166,26,85,163,,102,220,114,489,,10,,,,45
2014,Colorado,134,34,,,19,1,,,3,1,9,1,1,21,17,78,10,3,23,33,1,3,6,21,102,,,,1,,
2014,Connecticut,132,27,1,,24,1,,,1,,,,12,24,15,65,22,3,11,9,,16,47,6,44,,7,,,,
2014,Delaware,31,6,,,5,,,,,,,1,,2,1,17,3,2,1,,,,18,6,6,,,,,,
2014,District of Columbia,31,14,,,14,,,,,,,,,3,3,14,2,,3,1,,4,7,4,13,,,,,,1
2014,Florida,458,110,4,,89,6,,,,,7,4,13,78,51,250,36,9,31,43,1,43,80,62,240,1,17,,,,4
2014,Georgia,141,75,1,,70,3,,,,,1,,1,54,4,55,10,4,8,15,2,9,17,11,67,,,,,,1
2014,Guam,1,1,,,,1,,,,,,,1,1,,,,,,,,,,,,,,,,,
2014,Hawaii,34,1,,,1,,,,,,,,1,1,1,19,8,,8,14,,3,11,2,13,,,,,,
2014,Idaho,55,1,,,,1,,,,,,,1,11,4,19,8,,4,,,11,16,3,9,,,,,,16
2014,Illinois,372,127,4,,106,2,,,,,14,1,5,57,46,163,40,9,29,28,,78,33,87,158,,,,,,
2014,Indiana,264,103,,,88,5,,,,,9,1,4,19,12,102,34,3,49,16,,32,34,14,162,,2,,,,2
2014,Iowa,225,63,,,59,1,,3,,,,,2,14,7,120,27,1,14,14,,22,123,5,68,,2,,,,
2014,Kansas,66,11,,,6,3,,1,,,1,,1,1,,47,7,,5,,2,3,30,1,9,,,,2,,2
2014,Kentucky,110,33,,,23,4,,,,,5,1,,14,9,44,21,2,11,8,,8,32,10,45,,,,,,
2014,Louisiana,88,40,,,31,2,,1,1,1,4,,,4,2,39,11,1,12,2,1,16,21,7,33,,,,,,9
2014,Maine,50,11,,,5,2,,1,,,1,2,8,6,4,28,8,5,5,8,,3,9,3,25,,3,,,,
2014,Maryland,79,20,,,17,,,,,,2,1,1,4,3,43,13,5,5,3,,12,15,11,38,,,,,,1
2014,Massachusetts,299,64,3,,57,1,,,,,1,2,14,45,26,158,43,9,36,61,,15,60,12,166,,32,,,,
2014,Michigan,404,161,1,,144,3,,2,1,1,8,1,2,17,9,206,23,25,38,22,,6,67,59,264,,1,,,,
2014,Minnesota,83,27,2,,21,3,,1,,,,,2,5,3,41,15,1,12,12,4,12,15,11,39,,,,2,,1
2014,Mississippi,26,10,,,9,,,,,,1,,,1,,12,1,,6,3,,,7,1,18,,,,,,
2014,Missouri,242,107,1,1,98,2,,,,,4,1,3,12,4,95,22,7,33,25,,32,63,16,116,3,,,,,2
2014,Montana,9,1,,,1,,,,,,,,,2,2,6,1,,,1,,4,4,,1,,,,,,
2014,Nebraska,171,52,2,,41,3,,2,,1,2,1,,31,14,101,13,5,12,20,,8,72,6,74,,4,,,,2
2014,Nevada,60,9,,,6,1,,,,,2,,1,9,8,41,7,,3,13,1,8,19,1,30,,,,1,,1
2014,New Hampshire,16,2,,,2,,,,,,,,,3,2,10,4,1,2,1,1,1,6,1,7,,,,1,,
2014,New Jersey,83,24,,,22,,1,,,,1,,1,17,8,46,8,1,3,3,,9,17,5,46,,,,,,3
2014,New Mexico,29,4,,,1,1,,,,1,1,,1,4,2,16,2,1,2,3,,17,2,1,9,,,,,,
2014,New York,537,192,3,,136,2,1,,1,1,32,15,32,113,71,344,103,44,131,70,,48,48,54,311,,17,,,,20
2014,North Carolina,129,36,,,32,1,,,,,3,,1,24,18,61,18,2,12,17,,9,42,10,64,,,,,,
2014,North Dakota,37,5,1,,2,,,1,,1,,,3,7,1,21,2,,5,7,,1,24,3,8,,,,,,
2014,Ohio,501,143,1,,130,6,,,,,5,,9,22,8,255,106,12,57,53,,54,126,55,192,2,5,,,,20
2014,Oklahoma,78,21,,,18,,,1,,1,1,,,7,5,53,9,1,7,3,,20,12,9,36,,,,,,1
2014,Oregon,126,24,,1,11,1,2,3,,1,2,2,,15,9,87,16,3,17,11,,13,37,4,69,,1,,,,1
2014,Pennsylvania,260,61,2,,52,5,,,,,2,,2,32,24,131,24,6,27,24,3,28,30,73,119,,1,2,1,,4
2014,Puerto Rico,110,1,,,1,,,,,,,,1,1,1,107,2,,2,,,10,20,5,7,67,,,,,
2014,Rhode Island,75,16,,,15,,,,,,1,,9,8,7,53,8,1,7,7,,11,20,7,23,,10,,,,
2014,South Carolina,73,23,,,17,2,,,1,,2,1,2,11,11,32,14,1,5,12,1,5,13,9,40,,2,,,,1
2014,South Dakota,13,1,,,,,,1,,,,,,,,12,1,,2,5,2,1,5,1,3,,,,1,,
2014,Tennessee,162,64,,,51,4,,2,,,5,2,1,9,7,94,9,1,26,21,,20,53,12,68,,,,,,6
2014,Texas,"1,013",345,7,,289,5,,4,1,,35,3,1,133,98,525,88,10,90,55,,71,240,235,429,,10,,,,21
2014,Utah,83,9,1,,6,,1,,,,1,,3,17,10,50,6,3,3,17,5,7,18,10,40,,,1,4,,
2014,Vermont,17,2,,,2,,,,,,,,1,1,,12,3,,,1,,1,13,1,2,,,,,,
2014,Virgin Islands,1,1,,,1,,,,,,,,,,,1,,1,1,,,,1,,,,,,,,
2014,Virginia,108,30,,,27,1,,1,,,1,,,9,3,48,21,1,8,3,,20,18,7,44,,,,,,
2014,Washington,251,60,5,,47,1,,,,,5,2,1,31,16,147,22,5,16,16,1,24,61,11,135,,2,,,,9
2014,West Virginia,37,6,,,4,,,,,,2,,,1,1,21,4,,4,3,2,3,11,3,10,,,,2,,
2014,Wisconsin,80,16,1,,14,1,,,,,,,1,12,7,42,13,2,8,5,1,27,11,16,23,2,,,1,,
2014,Wyoming,9,1,,,1,,,,,,,,,1,1,5,2,,1,1,,,7,,2,,,,,,
2014,Total,"8,882","2,505",45,2,"2,064",88,5,28,12,9,199,47,167,"1,100",686,"4,754","1,075",227,924,915,28,919,"1,925","1,067","4,193",75,126,3,16,0,175
2015,Alabama,56,17,,,16,,,1,,,,,,2,,23,9,1,4,1,,1,31,3,15,,,,,,6
2015,Arizona,200,30,1,,23,1,,1,,,4,,4,18,11,142,10,4,17,32,,13,46,6,132,,,,,,3
2015,Arkansas,114,33,,,27,2,,,,,4,,,5,4,58,9,1,11,7,,23,22,6,56,,,,,,5
2015,California,"1,159",220,8,2,186,4,1,2,1,,12,2,16,115,74,667,193,22,90,150,,105,174,117,658,,1,,,,62
2015,Colorado,126,29,2,,22,,,,1,,3,1,2,14,9,76,13,5,15,26,,2,17,3,88,,,,,,1
2015,Connecticut,103,24,,,19,,,,,,4,1,7,7,4,56,14,3,12,8,1,9,37,16,29,,1,,,,2
2015,Delaware,22,7,1,,6,,,,,,,,,2,2,10,1,,4,,,3,9,5,2,,,,,,3
2015,District of Columbia,37,8,,,7,,,,,,1,,1,3,1,25,1,,3,2,,6,11,4,13,,,,,,2
2015,Florida,539,121,1,,105,4,,1,,,7,2,13,67,40,286,76,10,38,44,,47,108,41,295,,6,,,,14
2015,Georgia,132,64,1,,58,,,,,,4,1,2,9,4,49,20,5,14,10,,10,28,9,76,,,,,,9
2015,Hawaii,39,7,,,4,,1,,,,2,,1,2,,19,10,,5,13,,,12,3,19,,,,,,2
2015,Idaho,39,,,,,,,,,,,,2,5,2,31,4,1,,1,,6,3,3,4,,,,,,23
2015,Illinois,320,96,5,,78,4,,1,,,7,1,,58,39,156,44,6,27,27,,49,52,50,151,1,,,,,5
2015,Indiana,230,71,,,67,2,,,,,2,,1,23,15,109,27,1,32,13,,16,38,12,128,,1,,,,1
2015,Iowa,189,55,1,,49,2,,,,1,1,1,1,17,8,101,8,2,18,10,,19,91,3,64,,,,,,6
2015,Kansas,43,8,,,8,,,,,,,,,1,1,31,,,1,4,1,5,18,2,13,,1,,1,,2
2015,Kentucky,133,32,,,20,5,,,,,6,1,,11,7,70,21,3,15,4,,15,27,6,61,,,,,,3
2015,Louisiana,66,30,1,,24,,,,,,5,,1,3,2,34,6,,5,,,6,14,3,31,,,,,,12
2015,Maine,56,9,1,,4,1,,,1,,,2,4,6,2,32,14,,3,10,,4,17,4,26,,1,,,,1
2015,Maryland,99,35,1,,29,2,,,1,,2,,,3,1,57,9,1,9,8,,6,17,18,52,,,,,,3
2015,Massachusetts,305,84,4,1,61,2,,4,,,7,5,5,53,33,148,67,11,31,42,2,18,100,10,130,,14,,2,,12
2015,Michigan,348,116,3,,100,5,,1,,,5,2,4,16,8,214,27,3,27,19,,6,76,28,219,,,,,,5
2015,Minnesota,60,19,1,,16,1,,,1,,,,2,6,1,32,9,2,7,7,1,12,15,5,21,,,,,,6
2015,Mississippi,15,7,,,7,,,,,,,,,2,2,5,,,1,,,3,4,1,4,,,,,,2
2015,Missouri,215,82,1,,71,4,,2,,,3,1,,14,7,107,13,5,23,18,,20,54,23,100,,,,,,13
2015,Montana,16,,,,,,,,,,,,,,,12,3,,1,2,,1,12,,2,,,,,,1
2015,Nebraska,162,49,1,,43,1,,2,,,2,,,53,20,69,12,17,12,31,,7,58,2,72,,1,,,,5
2015,Nevada,90,8,1,,7,,,,,,,,,9,5,70,7,3,6,19,,6,33,4,45,,,,,,2
2015,New Hampshire,10,1,,,1,,,,,,,,,,,8,1,,,2,,,8,1,1,,,,,,
2015,New Jersey,90,23,2,,19,,,,,,2,,1,11,4,57,9,4,7,3,,6,16,7,38,,2,,,,16
2015,New Mexico,40,2,,,1,,,,,,1,,,3,2,27,3,,5,1,,8,5,5,21,,,,,,1
2015,New York,534,195,3,,132,5,,2,1,,31,16,22,106,64,341,108,61,169,68,7,46,75,44,305,,3,,2,,15
2015,North Carolina,144,48,,,41,3,,,2,1,1,,,23,13,74,17,4,9,11,,11,36,6,82,,,,,,3
2015,North Dakota,24,5,,,3,,,2,,,,,4,2,,13,2,,4,7,,1,4,4,15,,,,,,
2015,Ohio,375,115,,,99,4,,1,,,10,,2,21,9,195,74,9,44,41,1,43,80,66,131,,1,,,,25
2015,Oklahoma,81,13,,,10,1,,,,,2,,,3,2,60,3,,9,2,1,15,19,11,23,,,,,,12
2015,Oregon,95,13,1,,7,1,,,,,4,,4,11,6,60,19,3,4,5,,13,26,4,48,,,,,,2
2015,Pennsylvania,205,56,,1,48,1,,,2,,4,,3,23,17,104,26,6,20,36,,17,37,33,92,,,,,,16
2015,Puerto Rico,37,2,,,1,,,,,,,1,1,4,3,34,1,,7,1,,3,23,,3,,,,,,8
2015,Rhode Island,60,11,,,9,,,,,,2,,6,2,,37,10,1,7,10,,4,18,6,28,,3,,,,
2015,South Carolina,74,31,,,26,1,,2,,,1,1,3,8,8,29,6,,8,9,,7,19,6,39,,1,,,,
2015,South Dakota,13,1,,,,,,1,,,,,,,,9,2,,3,1,1,1,3,,5,,,,,,3
2015,Tennessee,143,58,2,,42,5,,1,,1,6,1,2,16,6,74,16,5,24,21,,17,44,8,42,,,,,,31
2015,Texas,913,296,7,,249,5,,,,,33,2,1,97,76,496,51,10,85,48,,43,348,92,411,,2,,,,12
2015,Utah,59,7,2,,5,,,,,,,,2,8,4,36,4,8,7,14,3,6,11,9,22,,1,2,1,,4
2015,Vermont,16,3,,,2,,,,,,1,,,,,12,2,,2,1,,3,9,,4,,,,,,
2015,Virginia,115,44,,,29,,1,1,,,4,,2,21,17,52,12,1,10,7,,24,34,4,40,,,,,,6
2015,Washington,183,46,4,,38,1,2,,,,1,,4,25,16,90,10,6,12,20,1,7,53,4,99,,,,,,14
2015,West Virginia,30,4,,,4,,,,,,,,,1,,25,2,,2,1,,4,5,2,6,,,,,,13
2015,Wisconsin,43,9,,,8,1,,,,,,,1,3,3,31,7,,1,2,1,11,12,9,7,,,,1,,3
2015,Wyoming,9,1,,,,,,1,,,,,,,,7,,1,1,,,2,6,,,,,,,,1
2015,Total,"8,206","2,245",55,4,"1,831",68,5,26,10,3,184,41,124,912,552,"4,560","1,012",225,871,819,20,710,"2,015",708,"3,968",1,39,2,7,0,396
2016,No State Identified,5,1,,,1,,,,,,,,,,,3,1,,1,,,,,,,,,,,,5
2016,Alabama,58,24,,,22,2,,,,,,,,1,1,38,5,,5,1,,6,16,3,11,,,,,,22
2016,Alaska,10,1,,,,,,1,,,,,1,2,2,7,1,1,,,,,1,1,,,,,,,8
2016,Arizona,233,54,2,,41,1,,1,,1,8,,2,30,21,141,21,6,19,26,,17,41,7,108,,,,,,60
2016,Arkansas,148,47,,,41,4,,,,,2,,,6,2,76,12,3,14,2,,12,13,7,11,,,,,,98
2016,California,"1,005",174,12,,142,3,1,2,,,12,2,24,117,71,601,145,28,72,116,,34,199,45,229,,,,,,488
2016,Colorado,126,26,1,,23,1,,,,,1,,10,15,11,78,17,6,15,22,,1,14,4,50,,,,,,54
2016,Connecticut,98,22,1,,18,1,,1,,,,1,5,16,11,54,11,3,13,14,,11,29,8,8,,,,,,42
2016,Delaware,25,3,,,3,,,,,,,,,5,2,14,2,,2,1,,4,8,3,,,,,,,10
2016,District of Columbia,24,5,,,5,,,,,,,,,4,1,11,1,,,5,,3,7,2,,,,,,,12
2016,Florida,465,107,3,1,83,9,,,1,,9,1,17,75,42,266,45,15,26,30,,49,81,22,149,,2,,,,149
2016,Georgia,168,64,2,,54,2,,,,,3,3,2,11,7,88,14,5,12,8,,9,49,12,47,,,,,,51
2016,Hawaii,37,6,,,3,,2,,,,1,,,4,,26,7,,4,13,,1,7,1,9,,,,,,18
2016,Idaho,41,3,,,1,2,,,,,,,1,6,3,29,2,,1,2,,2,6,2,,,,,,,31
2016,Illinois,265,90,2,,83,2,,,,,3,,,45,36,126,24,5,17,12,,30,12,37,91,,,,,,91
2016,Indiana,231,93,,,80,6,,1,,,6,,1,17,10,112,23,3,36,7,,27,39,12,100,,,,,,42
2016,Iowa,193,71,2,1,66,,,,,,1,1,4,19,11,99,9,2,15,14,,19,67,5,55,,,,,,43
2016,Kansas,53,11,1,,8,,,,,,2,,,6,4,35,7,,5,1,,2,16,4,6,,,,,,24
2016,Kentucky,160,49,,,43,3,,,,,3,,,19,9,77,17,3,15,9,,5,33,11,54,,,,,,31
2016,Louisiana,120,20,,,14,,,,,,6,,2,5,3,89,6,,4,2,,2,35,1,21,,,,,,61
2016,Maine,37,6,,,5,,,,1,,,,5,5,,24,8,3,5,9,,1,3,1,2,,,,,,26
2016,Maryland,109,35,,,27,3,,,2,,2,1,1,3,2,65,5,1,3,19,,11,8,7,49,,,,,,33
2016,Massachusetts,329,59,6,,38,2,,2,1,,9,1,12,64,40,177,55,10,28,67,1,22,83,3,107,,4,,,,87
2016,Michigan,406,154,1,,140,4,,,1,,8,,4,22,12,210,45,10,40,36,,6,92,17,151,,,,,,135
2016,Minnesota,62,15,,,14,,,1,,,,,1,8,6,36,9,2,,7,,2,8,2,8,,,,,,42
2016,Mississippi,21,8,,,7,,,,,,,1,1,3,2,11,4,,1,2,,2,4,,4,,,,,,11
2016,Missouri,297,109,4,,94,3,,,1,,7,,3,17,9,158,21,7,37,14,,31,57,27,80,,,,,,101
2016,Montana,13,,,,,,,,,,,,,,,10,3,,3,,,1,4,2,,,,,,,6
2016,Nebraska,120,32,3,,25,1,,2,,,1,,,20,11,70,8,5,15,21,,2,26,4,39,,1,,,,43
2016,Nevada,75,13,,,12,,,,,,1,,,6,6,51,9,1,6,13,,5,25,1,17,,,,,,27
2016,New Hampshire,20,2,,,2,,,,,,,,1,1,,14,2,,3,2,1,1,8,1,4,,,,,,4
2016,New Jersey,96,32,,,30,1,,,,,1,,,7,4,66,8,9,7,,,7,4,6,20,,,,,,55
2016,New Mexico,36,4,,,1,,,2,,,1,,,1,1,26,2,1,5,1,,8,8,3,10,,,,,,7
2016,New York,579,208,3,,175,1,1,1,,,14,13,31,164,71,326,79,35,123,71,,26,51,40,211,,,,,,229
2016,North Carolina,166,53,2,,45,2,,,,,4,,7,23,14,90,20,5,28,7,,5,29,6,49,,,,,,72
2016,North Dakota,33,7,,,2,,1,4,,,,,2,2,2,23,3,,2,7,,1,13,,18,,,,,,1
2016,Ohio,370,99,,,86,6,,,,,6,1,4,16,10,199,54,5,51,32,,12,56,28,40,,,,,,212
2016,Oklahoma,99,21,,,17,,,2,,,2,,,2,2,68,2,2,13,1,,7,40,3,10,,,,,,39
2016,Oregon,49,9,1,,7,,,,,,,1,1,4,4,27,5,,3,10,,5,4,1,22,,,,,,17
2016,Pennsylvania,179,40,4,,33,,,,,,2,1,4,19,8,97,12,2,17,35,,15,16,33,26,,,,,,84
2016,Puerto Rico,38,2,,,1,,,,,,1,,1,5,3,34,4,3,8,,,,14,,2,,,,,,22
2016,Rhode Island,70,13,,1,12,,,,,,,,5,9,7,36,7,1,12,16,,5,18,2,19,,2,,,,21
2016,South Carolina,96,31,1,1,22,1,,1,1,,4,,3,8,4,59,4,,7,18,,6,32,3,33,,,,,,21
2016,South Dakota,5,1,,,,,,1,,,,,,,,3,1,,,,,1,2,,,,,,,,2
2016,Tennessee,117,33,,,24,3,,1,,,4,1,3,5,2,78,18,3,19,8,,10,31,6,12,,,,,,57
2016,Texas,"1,139",233,2,,202,4,,1,,,24,,2,81,55,755,56,12,73,43,,40,561,92,288,,,,,,163
2016,Utah,67,5,,,4,,,,,,1,,2,3,2,59,3,1,1,10,,3,19,5,13,,,,,,27
2016,Vermont,11,1,,,1,,,,,,,,1,,,10,1,,1,3,,2,3,,1,,,,,,5
2016,Virginia,90,25,3,,19,1,,,,,2,,2,9,4,53,8,1,6,7,,9,15,4,25,,,,,,35
2016,Washington,171,38,4,,28,,,6,,,,,1,18,9,101,20,8,12,14,,5,30,6,56,,,,,,73
2016,West Virginia,16,2,,,2,,,,,,,,,,,14,,,1,3,,,2,1,1,,,,,,12
2016,Wisconsin,51,7,1,,5,1,,,,,,,,7,1,32,8,7,1,3,,4,8,9,,,,,,,30
2016,Wyoming,9,,,,,,,,,,,,,,,9,,,,,,2,3,,,,,,,,4
2016,Total,"8,441","2,168",61,4,"1,811",69,5,30,8,1,151,28,166,935,538,"4,961",854,214,807,764,2,491,"1,950",500,"2,266",0,9,0,0,0,"3,043"
